[{"ua":"Mozilla/5.0 (Windows NT 6.1; Win64; x64) AppleWebKit/537.36 (KHTML, like Gecko) Chrome/49.0.2623.87 Brave/0.37.2 Safari/537.36","browser":{"name":"Brave","version":"0.37.2","major":"0"},"engine":{"name":"Blink","version":"49.0.2623.87"},"os":{"name":"Windows","version":"7"},"device":{},"cpu":{"architecture":"amd64"}},{"ua":"Mozilla/5.0 (Windows NT 6.1; Win64; x64) AppleWebKit/537.36 (KHTML, like Gecko) Chrome/49.0.2623.108 Brave/0.37.3 Safari/537.36","browser":{"name":"Brave","version":"0.37.3","major":"0"},"engine":{"name":"Blink","version":"49.0.2623.108"},"os":{"name":"Windows","version":"7"},"device":{},"cpu":{"architecture":"amd64"}},{"ua":"Mozilla/5.0 (Windows NT 6.1; Win64; x64) AppleWebKit/537.36 (KHTML, like Gecko) Chrome/75.0.3770.38 Safari/537.36 Brave/75","browser":{"name":"Brave","version":"75","major":"75"},"engine":{"name":"Blink","version":"75.0.3770.38"},"os":{"name":"Windows","version":"7"},"device":{},"cpu":{"architecture":"amd64"}},{"ua":"Mozilla/5.0 (Windows NT 6.1; Win64; x64) AppleWebKit/537.36 (KHTML, like Gecko) brave/0.7.10 Chrome/47.0.2526.110 Brave/0.36.5 Safari/537.36","browser":{"name":"brave","version":"0.7.10","major":"0"},"engine":{"name":"Blink","version":"47.0.2526.110"},"os":{"name":"Windows","version":"7"},"device":{},"cpu":{"architecture":"amd64"}},{"ua":"Mozilla/5.0 (Windows NT 6.1; Win64; x64) AppleWebKit/537.36 (KHTML, like Gecko) brave/0.7.12 Chrome/47.0.2526.110 Brave/0.36.7 Safari/537.36","browser":{"name":"brave","version":"0.7.12","major":"0"},"engine":{"name":"Blink","version":"47.0.2526.110"},"os":{"name":"Windows","version":"7"},"device":{},"cpu":{"architecture":"amd64"}},{"ua":"Mozilla/5.0 (Windows NT 6.1; Win64; x64) AppleWebKit/537.36 (KHTML, like Gecko) brave/0.7.14 Chrome/47.0.2526.110 Brave/0.36.7 Safari/537.36","browser":{"name":"brave","version":"0.7.14","major":"0"},"engine":{"name":"Blink","version":"47.0.2526.110"},"os":{"name":"Windows","version":"7"},"device":{},"cpu":{"architecture":"amd64"}},{"ua":"Mozilla/5.0 (Windows NT 6.1; Win64; x64) AppleWebKit/537.36 (KHTML, like Gecko) brave/0.7.16 Chrome/47.0.2526.110 Brave/0.36.8 Safari/537.36","browser":{"name":"brave","version":"0.7.16","major":"0"},"engine":{"name":"Blink","version":"47.0.2526.110"},"os":{"name":"Windows","version":"7"},"device":{},"cpu":{"architecture":"amd64"}},{"ua":"Mozilla/5.0 (Windows NT 6.1; Win64; x64) AppleWebKit/537.36 (KHTML, like Gecko) brave/0.8.0 Chrome/47.0.2526.110 Brave/0.36.8 Safari/537.36","browser":{"name":"brave","version":"0.8.0","major":"0"},"engine":{"name":"Blink","version":"47.0.2526.110"},"os":{"name":"Windows","version":"7"},"device":{},"cpu":{"architecture":"amd64"}},{"ua":"Mozilla/5.0 (Windows NT 6.1; Win64; x64) AppleWebKit/537.36 (KHTML, like Gecko) brave/0.8.1 Chrome/49.0.2623.75 Brave/0.37.2 Safari/537.36","browser":{"name":"brave","version":"0.8.1","major":"0"},"engine":{"name":"Blink","version":"49.0.2623.75"},"os":{"name":"Windows","version":"7"},"device":{},"cpu":{"architecture":"amd64"}},{"ua":"Mozilla/5.0 (Windows NT 6.1; Win64; x64) AppleWebKit/537.36 (KHTML, like Gecko) brave/0.8.2 Chrome/49.0.2623.87 Brave/0.37.2 Safari/537.36","browser":{"name":"brave","version":"0.8.2","major":"0"},"engine":{"name":"Blink","version":"49.0.2623.87"},"os":{"name":"Windows","version":"7"},"device":{},"cpu":{"architecture":"amd64"}},{"ua":"Mozilla/5.0 (Windows NT 6.1; Win64; x64) AppleWebKit/537.36 (KHTML, like Gecko) brave/0.8.3 Chrome/49.0.2623.108 Brave/0.37.3 Safari/537.36","browser":{"name":"brave","version":"0.8.3","major":"0"},"engine":{"name":"Blink","version":"49.0.2623.108"},"os":{"name":"Windows","version":"7"},"device":{},"cpu":{"architecture":"amd64"}},{"ua":"Mozilla/5.0 (Windows NT 6.2; Win64; x64) AppleWebKit/537.36 (KHTML, like Gecko) brave/0.7.12 Chrome/47.0.2526.110 Brave/0.36.7 Safari/537.36","browser":{"name":"brave","version":"0.7.12","major":"0"},"engine":{"name":"Blink","version":"47.0.2526.110"},"os":{"name":"Windows","version":"8"},"device":{},"cpu":{"architecture":"amd64"}},{"ua":"Mozilla/5.0 (Windows NT 6.2; Win64; x64) AppleWebKit/537.36 (KHTML, like Gecko) brave/0.8.2 Chrome/49.0.2623.87 Brave/0.37.2 Safari/537.36","browser":{"name":"brave","version":"0.8.2","major":"0"},"engine":{"name":"Blink","version":"49.0.2623.87"},"os":{"name":"Windows","version":"8"},"device":{},"cpu":{"architecture":"amd64"}},{"ua":"Mozilla/5.0 (Windows NT 6.3; Win64; x64) AppleWebKit/537.36 (KHTML, like Gecko) Chrome/75.0.3770.38 Safari/537.36 Brave/75","browser":{"name":"Brave","version":"75","major":"75"},"engine":{"name":"Blink","version":"75.0.3770.38"},"os":{"name":"Windows","version":"8.1"},"device":{},"cpu":{"architecture":"amd64"}},{"ua":"Mozilla/5.0 (Windows NT 6.3; Win64; x64) AppleWebKit/537.36 (KHTML, like Gecko) brave/0.7.12 Chrome/47.0.2526.110 Brave/0.36.7 Safari/537.36","browser":{"name":"brave","version":"0.7.12","major":"0"},"engine":{"name":"Blink","version":"47.0.2526.110"},"os":{"name":"Windows","version":"8.1"},"device":{},"cpu":{"architecture":"amd64"}},{"ua":"Mozilla/5.0 (Windows NT 6.3; Win64; x64) AppleWebKit/537.36 (KHTML, like Gecko) brave/0.7.14 Chrome/47.0.2526.110 Brave/0.36.7 Safari/537.36","browser":{"name":"brave","version":"0.7.14","major":"0"},"engine":{"name":"Blink","version":"47.0.2526.110"},"os":{"name":"Windows","version":"8.1"},"device":{},"cpu":{"architecture":"amd64"}},{"ua":"Mozilla/5.0 (Windows NT 6.3; Win64; x64) AppleWebKit/537.36 (KHTML, like Gecko) brave/0.7.15 Chrome/47.0.2526.110 Brave/0.36.8 Safari/537.36","browser":{"name":"brave","version":"0.7.15","major":"0"},"engine":{"name":"Blink","version":"47.0.2526.110"},"os":{"name":"Windows","version":"8.1"},"device":{},"cpu":{"architecture":"amd64"}},{"ua":"Mozilla/5.0 (Windows NT 6.3; Win64; x64) AppleWebKit/537.36 (KHTML, like Gecko) brave/0.7.16 Chrome/47.0.2526.110 Brave/0.36.8 Safari/537.36","browser":{"name":"brave","version":"0.7.16","major":"0"},"engine":{"name":"Blink","version":"47.0.2526.110"},"os":{"name":"Windows","version":"8.1"},"device":{},"cpu":{"architecture":"amd64"}},{"ua":"Mozilla/5.0 (Windows NT 6.3; Win64; x64) AppleWebKit/537.36 (KHTML, like Gecko) brave/0.8.0 Chrome/47.0.2526.110 Brave/0.36.8 Safari/537.36","browser":{"name":"brave","version":"0.8.0","major":"0"},"engine":{"name":"Blink","version":"47.0.2526.110"},"os":{"name":"Windows","version":"8.1"},"device":{},"cpu":{"architecture":"amd64"}},{"ua":"Mozilla/5.0 (Windows NT 6.3; Win64; x64) AppleWebKit/537.36 (KHTML, like Gecko) brave/0.8.2 Chrome/49.0.2623.87 Brave/0.37.2 Safari/537.36","browser":{"name":"brave","version":"0.8.2","major":"0"},"engine":{"name":"Blink","version":"49.0.2623.87"},"os":{"name":"Windows","version":"8.1"},"device":{},"cpu":{"architecture":"amd64"}},{"ua":"Mozilla/5.0 (Windows NT 6.3; Win64; x64) AppleWebKit/537.36 (KHTML, like Gecko) brave/0.8.3 Chrome/49.0.2623.108 Brave/0.37.3 Safari/537.36","browser":{"name":"brave","version":"0.8.3","major":"0"},"engine":{"name":"Blink","version":"49.0.2623.108"},"os":{"name":"Windows","version":"8.1"},"device":{},"cpu":{"architecture":"amd64"}},{"ua":"Mozilla/5.0 (Windows NT 10.0; Win64; x64) AppleWebKit/537.36 (KHTML, like Gecko) Chrome/47.0.2526.110 Brave/0.36.8 Safari/537.36","browser":{"name":"Brave","version":"0.36.8","major":"0"},"engine":{"name":"Blink","version":"47.0.2526.110"},"os":{"name":"Windows","version":"10"},"device":{},"cpu":{"architecture":"amd64"}},{"ua":"Mozilla/5.0 (Windows NT 10.0; Win64; x64) AppleWebKit/537.36 (KHTML, like Gecko) Chrome/75.0.3770.38 Safari/537.36 Brave/75","browser":{"name":"Brave","version":"75","major":"75"},"engine":{"name":"Blink","version":"75.0.3770.38"},"os":{"name":"Windows","version":"10"},"device":{},"cpu":{"architecture":"amd64"}},{"ua":"Mozilla/5.0 (Windows NT 10.0; Win64; x64) AppleWebKit/537.36 (KHTML, like Gecko) Chrome/80.0.3987.122 Safari/537.36 Brave/1.4.95","browser":{"name":"Brave","version":"1.4.95","major":"1"},"engine":{"name":"Blink","version":"80.0.3987.122"},"os":{"name":"Windows","version":"10"},"device":{},"cpu":{"architecture":"amd64"}},{"ua":"Mozilla/5.0 (Windows NT 10.0; Win64; x64) AppleWebKit/537.36 (KHTML, like Gecko) Chrome/80.0.3987.122 Safari/537.36 Brave/1.4.96","browser":{"name":"Brave","version":"1.4.96","major":"1"},"engine":{"name":"Blink","version":"80.0.3987.122"},"os":{"name":"Windows","version":"10"},"device":{},"cpu":{"architecture":"amd64"}},{"ua":"Mozilla/5.0 (Windows NT 10.0; Win64; x64) AppleWebKit/537.36 (KHTML, like Gecko) Chrome/80.0.3987.149 Brave/0.65.118 Safari/537.36","browser":{"name":"Brave","version":"0.65.118","major":"0"},"engine":{"name":"Blink","version":"80.0.3987.149"},"os":{"name":"Windows","version":"10"},"device":{},"cpu":{"architecture":"amd64"}},{"ua":"Mozilla/5.0 (Windows NT 10.0; Win64; x64) AppleWebKit/537.36 (KHTML, like Gecko) Chrome/80.0.3987.149 Safari/537.36 Brave/1.4.96","browser":{"name":"Brave","version":"1.4.96","major":"1"},"engine":{"name":"Blink","version":"80.0.3987.149"},"os":{"name":"Windows","version":"10"},"device":{},"cpu":{"architecture":"amd64"}},{"ua":"Mozilla/5.0 (Windows NT 10.0; Win64; x64) AppleWebKit/537.36 (KHTML, like Gecko) Chrome/80.0.3987.162 Safari/537.36 Brave/1.5.115","browser":{"name":"Brave","version":"1.5.115","major":"1"},"engine":{"name":"Blink","version":"80.0.3987.162"},"os":{"name":"Windows","version":"10"},"device":{},"cpu":{"architecture":"amd64"}},{"ua":"Mozilla/5.0 (Windows NT 10.0; Win64; x64) AppleWebKit/537.36 (KHTML, like Gecko) Chrome/80.0.3987.163 Safari/537.36 Brave/1.5.122","browser":{"name":"Brave","version":"1.5.122","major":"1"},"engine":{"name":"Blink","version":"80.0.3987.163"},"os":{"name":"Windows","version":"10"},"device":{},"cpu":{"architecture":"amd64"}},{"ua":"Mozilla/5.0 (Windows NT 10.0; Win64; x64) AppleWebKit/537.36 (KHTML, like Gecko) Chrome/81.0.4044.92 Safari/537.36 Brave/1.5.122","browser":{"name":"Brave","version":"1.5.122","major":"1"},"engine":{"name":"Blink","version":"81.0.4044.92"},"os":{"name":"Windows","version":"10"},"device":{},"cpu":{"architecture":"amd64"}},{"ua":"Mozilla/5.0 (Windows NT 10.0; Win64; x64) AppleWebKit/537.36 (KHTML, like Gecko) Chrome/81.0.4044.113 Safari/537.36 Brave/1.7.92","browser":{"name":"Brave","version":"1.7.92","major":"1"},"engine":{"name":"Blink","version":"81.0.4044.113"},"os":{"name":"Windows","version":"10"},"device":{},"cpu":{"architecture":"amd64"}},{"ua":"Mozilla/5.0 (Windows NT 10.0; Win64; x64) AppleWebKit/537.36 (KHTML, like Gecko) Chrome/81.0.4044.122 Safari/537.36 Brave/1.7.92","browser":{"name":"Brave","version":"1.7.92","major":"1"},"engine":{"name":"Blink","version":"81.0.4044.122"},"os":{"name":"Windows","version":"10"},"device":{},"cpu":{"architecture":"amd64"}},{"ua":"Mozilla/5.0 (Windows NT 10.0; Win64; x64) AppleWebKit/537.36 (KHTML, like Gecko) Chrome/81.0.4044.129 Safari/537.36 Brave/1.7.92","browser":{"name":"Brave","version":"1.7.92","major":"1"},"engine":{"name":"Blink","version":"81.0.4044.129"},"os":{"name":"Windows","version":"10"},"device":{},"cpu":{"architecture":"amd64"}},{"ua":"Mozilla/5.0 (Windows NT 10.0; Win64; x64) AppleWebKit/537.36 (KHTML, like Gecko) Chrome/81.0.4044.129 Safari/537.36 Brave/1.8.86","browser":{"name":"Brave","version":"1.8.86","major":"1"},"engine":{"name":"Blink","version":"81.0.4044.129"},"os":{"name":"Windows","version":"10"},"device":{},"cpu":{"architecture":"amd64"}},{"ua":"Mozilla/5.0 (Windows NT 10.0; Win64; x64) AppleWebKit/537.36 (KHTML, like Gecko) Chrome/81.0.4044.138 Safari/537.36 Brave/1.8.86","browser":{"name":"Brave","version":"1.8.86","major":"1"},"engine":{"name":"Blink","version":"81.0.4044.138"},"os":{"name":"Windows","version":"10"},"device":{},"cpu":{"architecture":"amd64"}},{"ua":"Mozilla/5.0 (Windows NT 10.0; Win64; x64) AppleWebKit/537.36 (KHTML, like Gecko) Chrome/81.0.4044.138 Safari/537.36 Brave/1.8.95","browser":{"name":"Brave","version":"1.8.95","major":"1"},"engine":{"name":"Blink","version":"81.0.4044.138"},"os":{"name":"Windows","version":"10"},"device":{},"cpu":{"architecture":"amd64"}},{"ua":"Mozilla/5.0 (Windows NT 10.0; Win64; x64) AppleWebKit/537.36 (KHTML, like Gecko) Chrome/83.0.4103.61 Safari/537.36 Brave/1.9.72","browser":{"name":"Brave","version":"1.9.72","major":"1"},"engine":{"name":"Blink","version":"83.0.4103.61"},"os":{"name":"Windows","version":"10"},"device":{},"cpu":{"architecture":"amd64"}},{"ua":"Mozilla/5.0 (Windows NT 10.0; Win64; x64) AppleWebKit/537.36 (KHTML, like Gecko) Chrome/83.0.4103.97 Safari/537.36 Brave/1.9.72","browser":{"name":"Brave","version":"1.9.72","major":"1"},"engine":{"name":"Blink","version":"83.0.4103.97"},"os":{"name":"Windows","version":"10"},"device":{},"cpu":{"architecture":"amd64"}},{"ua":"Mozilla/5.0 (Windows NT 10.0; Win64; x64) AppleWebKit/537.36 (KHTML, like Gecko) Chrome/83.0.4103.106 Safari/537.36 Brave/1.10.90","browser":{"name":"Brave","version":"1.10.90","major":"1"},"engine":{"name":"Blink","version":"83.0.4103.106"},"os":{"name":"Windows","version":"10"},"device":{},"cpu":{"architecture":"amd64"}},{"ua":"Mozilla/5.0 (Windows NT 10.0; Win64; x64) AppleWebKit/537.36 (KHTML, like Gecko) Chrome/83.0.4103.116 Safari/537.36 Brave/1.10.97","browser":{"name":"Brave","version":"1.10.97","major":"1"},"engine":{"name":"Blink","version":"83.0.4103.116"},"os":{"name":"Windows","version":"10"},"device":{},"cpu":{"architecture":"amd64"}},{"ua":"Mozilla/5.0 (Windows NT 10.0; Win64; x64) AppleWebKit/537.36 (KHTML, like Gecko) Chrome/84.0.4147.89 Safari/537.36 Brave/1.11.97","browser":{"name":"Brave","version":"1.11.97","major":"1"},"engine":{"name":"Blink","version":"84.0.4147.89"},"os":{"name":"Windows","version":"10"},"device":{},"cpu":{"architecture":"amd64"}},{"ua":"Mozilla/5.0 (Windows NT 10.0; Win64; x64) AppleWebKit/537.36 (KHTML, like Gecko) Chrome/85.0.4183.83 Safari/537.36 Brave/18","browser":{"name":"Brave","version":"18","major":"18"},"engine":{"name":"Blink","version":"85.0.4183.83"},"os":{"name":"Windows","version":"10"},"device":{},"cpu":{"architecture":"amd64"}},{"ua":"Mozilla/5.0 (Windows NT 10.0; Win64; x64) AppleWebKit/537.36 (KHTML, like Gecko) Chrome/85.0.4183.87 Safari/537.36 Brave/18","browser":{"name":"Brave","version":"18","major":"18"},"engine":{"name":"Blink","version":"85.0.4183.87"},"os":{"name":"Windows","version":"10"},"device":{},"cpu":{"architecture":"amd64"}},{"ua":"Mozilla/5.0 (Windows NT 10.0; Win64; x64) AppleWebKit/537.36 (KHTML, like Gecko) brave/0.7.7 Chrome/47.0.2526.73 Electron/0.36.2 Safari/537.36","browser":{"name":"brave","version":"0.7.7","major":"0"},"engine":{"name":"Blink","version":"47.0.2526.73"},"os":{"name":"Windows","version":"10"},"device":{},"cpu":{"architecture":"amd64"}},{"ua":"Mozilla/5.0 (Windows NT 10.0; Win64; x64) AppleWebKit/537.36 (KHTML, like Gecko) brave/0.7.10 Chrome/47.0.2526.110 Brave/0.36.5 Safari/537.36","browser":{"name":"brave","version":"0.7.10","major":"0"},"engine":{"name":"Blink","version":"47.0.2526.110"},"os":{"name":"Windows","version":"10"},"device":{},"cpu":{"architecture":"amd64"}},{"ua":"Mozilla/5.0 (Windows NT 10.0; Win64; x64) AppleWebKit/537.36 (KHTML, like Gecko) brave/0.7.11 Chrome/47.0.2526.110 Brave/0.36.5 Safari/537.36","browser":{"name":"brave","version":"0.7.11","major":"0"},"engine":{"name":"Blink","version":"47.0.2526.110"},"os":{"name":"Windows","version":"10"},"device":{},"cpu":{"architecture":"amd64"}},{"ua":"Mozilla/5.0 (Windows NT 10.0; Win64; x64) AppleWebKit/537.36 (KHTML, like Gecko) brave/0.7.12 Chrome/47.0.2526.110 Brave/0.36.7 Safari/537.36","browser":{"name":"brave","version":"0.7.12","major":"0"},"engine":{"name":"Blink","version":"47.0.2526.110"},"os":{"name":"Windows","version":"10"},"device":{},"cpu":{"architecture":"amd64"}},{"ua":"Mozilla/5.0 (Windows NT 10.0; Win64; x64) AppleWebKit/537.36 (KHTML, like Gecko) brave/0.7.13 Chrome/47.0.2526.110 Brave/0.36.7 Safari/537.36","browser":{"name":"brave","version":"0.7.13","major":"0"},"engine":{"name":"Blink","version":"47.0.2526.110"},"os":{"name":"Windows","version":"10"},"device":{},"cpu":{"architecture":"amd64"}},{"ua":"Mozilla/5.0 (Windows NT 10.0; Win64; x64) AppleWebKit/537.36 (KHTML, like Gecko) brave/0.7.14 Chrome/47.0.2526.110 Brave/0.36.7 Safari/537.36","browser":{"name":"brave","version":"0.7.14","major":"0"},"engine":{"name":"Blink","version":"47.0.2526.110"},"os":{"name":"Windows","version":"10"},"device":{},"cpu":{"architecture":"amd64"}},{"ua":"Mozilla/5.0 (Windows NT 10.0; Win64; x64) AppleWebKit/537.36 (KHTML, like Gecko) brave/0.7.15 Chrome/47.0.2526.110 Brave/0.36.8 Safari/537.36","browser":{"name":"brave","version":"0.7.15","major":"0"},"engine":{"name":"Blink","version":"47.0.2526.110"},"os":{"name":"Windows","version":"10"},"device":{},"cpu":{"architecture":"amd64"}},{"ua":"Mozilla/5.0 (Windows NT 10.0; Win64; x64) AppleWebKit/537.36 (KHTML, like Gecko) brave/0.7.16 Chrome/47.0.2526.110 Brave/0.36.8 Safari/537.36","browser":{"name":"brave","version":"0.7.16","major":"0"},"engine":{"name":"Blink","version":"47.0.2526.110"},"os":{"name":"Windows","version":"10"},"device":{},"cpu":{"architecture":"amd64"}},{"ua":"Mozilla/5.0 (Windows NT 10.0; Win64; x64) AppleWebKit/537.36 (KHTML, like Gecko) brave/0.8.0 Chrome/47.0.2526.110 Brave/0.36.8 Safari/537.36","browser":{"name":"brave","version":"0.8.0","major":"0"},"engine":{"name":"Blink","version":"47.0.2526.110"},"os":{"name":"Windows","version":"10"},"device":{},"cpu":{"architecture":"amd64"}},{"ua":"Mozilla/5.0 (Windows NT 10.0; Win64; x64) AppleWebKit/537.36 (KHTML, like Gecko) brave/0.8.1 Chrome/49.0.2623.75 Brave/0.37.2 Safari/537.36","browser":{"name":"brave","version":"0.8.1","major":"0"},"engine":{"name":"Blink","version":"49.0.2623.75"},"os":{"name":"Windows","version":"10"},"device":{},"cpu":{"architecture":"amd64"}},{"ua":"Mozilla/5.0 (Windows NT 10.0; Win64; x64) AppleWebKit/537.36 (KHTML, like Gecko) brave/0.8.2 Chrome/49.0.2623.87 Brave/0.37.2 Safari/537.36","browser":{"name":"brave","version":"0.8.2","major":"0"},"engine":{"name":"Blink","version":"49.0.2623.87"},"os":{"name":"Windows","version":"10"},"device":{},"cpu":{"architecture":"amd64"}},{"ua":"Mozilla/5.0 (Windows NT 10.0; Win64; x64) AppleWebKit/537.36 (KHTML, like Gecko) brave/0.8.3 Chrome/49.0.2623.108 Brave/0.37.3 Safari/537.36","browser":{"name":"brave","version":"0.8.3","major":"0"},"engine":{"name":"Blink","version":"49.0.2623.108"},"os":{"name":"Windows","version":"10"},"device":{},"cpu":{"architecture":"amd64"}},{"ua":"Mozilla/5.0 (Windows NT 10.0; Win86; x86) AppleWebKit/537.36 (KHTML, like Gecko) Chrome/88.0.4324.192 Safari/537.36 Brave/2.9.1705.41","browser":{"name":"Brave","version":"2.9.1705.41","major":"2"},"engine":{"name":"Blink","version":"88.0.4324.192"},"os":{"name":"Windows","version":"10"},"device":{},"cpu":{"architecture":"ia32"}}]