[{"ua":"Mozilla/5.0 (X11; Fedora; Linux x86_64) AppleWebKit/537.36 (KHTML, like Gecko) Chrome/63.0.3239.132 Safari/537.36","browser":{"name":"Chrome","version":"63.0.3239.132","major":"63"},"engine":{"name":"Blink","version":"63.0.3239.132"},"os":{"name":"Fedora"},"device":{},"cpu":{"architecture":"amd64"}},{"ua":"Mozilla/5.0 (X11; Fedora; Linux x86_64) AppleWebKit/537.36 (KHTML, like Gecko) Chrome/63.0.3239.132 Safari/537.36","browser":{"name":"Chrome","version":"63.0.3239.132","major":"63"},"engine":{"name":"Blink","version":"63.0.3239.132"},"os":{"name":"Fedora"},"device":{},"cpu":{"architecture":"amd64"}},{"ua":"Mozilla/5.0 (X11; Fedora; Linux x86_64) AppleWebKit/537.36 (KHTML, like Gecko) Chrome/79.0.3945.130 Safari/537.36","browser":{"name":"Chrome","version":"79.0.3945.130","major":"79"},"engine":{"name":"Blink","version":"79.0.3945.130"},"os":{"name":"Fedora"},"device":{},"cpu":{"architecture":"amd64"}},{"ua":"Mozilla/5.0 (X11; Fedora; Linux x86_64) AppleWebKit/537.36 (KHTML, like Gecko) Chrome/80.0.3987.132 Safari/537.36","browser":{"name":"Chrome","version":"80.0.3987.132","major":"80"},"engine":{"name":"Blink","version":"80.0.3987.132"},"os":{"name":"Fedora"},"device":{},"cpu":{"architecture":"amd64"}},{"ua":"Mozilla/5.0 (X11; Fedora; Linux x86_64) AppleWebKit/537.36 (KHTML, like Gecko) Chrome/88.0.4324.96 Safari/537.36","browser":{"name":"Chrome","version":"88.0.4324.96","major":"88"},"engine":{"name":"Blink","version":"88.0.4324.96"},"os":{"name":"Fedora"},"device":{},"cpu":{"architecture":"amd64"}},{"ua":"Mozilla/5.0 (X11; Fedora; Linux x86_64) AppleWebKit/537.36 (KHTML, like Gecko) Chrome/89.0.4389.114 Safari/537.36","browser":{"name":"Chrome","version":"89.0.4389.114","major":"89"},"engine":{"name":"Blink","version":"89.0.4389.114"},"os":{"name":"Fedora"},"device":{},"cpu":{"architecture":"amd64"}},{"ua":"Mozilla/5.0 (X11; Fedora; Linux x86_64) AppleWebKit/537.36 (KHTML, like Gecko) Chrome/81.0.4044.138 Safari/537.36","browser":{"name":"Chrome","version":"81.0.4044.138","major":"81"},"engine":{"name":"Blink","version":"81.0.4044.138"},"os":{"name":"Fedora"},"device":{},"cpu":{"architecture":"amd64"}},{"ua":"Mozilla/5.0 (X11; Fedora; Linux x86_64) AppleWebKit/537.36 (KHTML, like Gecko) Chrome/89.0.4389.90 Safari/537.36","browser":{"name":"Chrome","version":"89.0.4389.90","major":"89"},"engine":{"name":"Blink","version":"89.0.4389.90"},"os":{"name":"Fedora"},"device":{},"cpu":{"architecture":"amd64"}},{"ua":"Mozilla/5.0 (X11; Fedora; Linux x86_64) AppleWebKit/537.36 (KHTML, like Gecko) Chrome/88.0.4324.182 Safari/537.36","browser":{"name":"Chrome","version":"88.0.4324.182","major":"88"},"engine":{"name":"Blink","version":"88.0.4324.182"},"os":{"name":"Fedora"},"device":{},"cpu":{"architecture":"amd64"}},{"ua":"Mozilla/5.0 (X11; Fedora; Linux x86_64) AppleWebKit/537.36 (KHTML, like Gecko) Brave Chrome/87.0.4280.67 Safari/537.36","browser":{"name":"Chrome","version":"87.0.4280.67","major":"87"},"engine":{"name":"Blink","version":"87.0.4280.67"},"os":{"name":"Fedora"},"device":{},"cpu":{"architecture":"amd64"}},{"ua":"Mozilla/5.0 (X11; Fedora; Linux x86_64) AppleWebKit/537.36 (KHTML, like Gecko) Brave Chrome/87.0.4280.101 Safari/537.36","browser":{"name":"Chrome","version":"87.0.4280.101","major":"87"},"engine":{"name":"Blink","version":"87.0.4280.101"},"os":{"name":"Fedora"},"device":{},"cpu":{"architecture":"amd64"}},{"ua":"Mozilla/5.0 (X11; Fedora; Linux x86_64) AppleWebKit/537.36 (KHTML, like Gecko) Brave Chrome/88.0.4324.182 Safari/537.36","browser":{"name":"Chrome","version":"88.0.4324.182","major":"88"},"engine":{"name":"Blink","version":"88.0.4324.182"},"os":{"name":"Fedora"},"device":{},"cpu":{"architecture":"amd64"}},{"ua":"Mozilla/5.0 (X11; Fedora; Linux x86_64) AppleWebKit/537.36 (KHTML, like Gecko) Brave Chrome/88.0.4324.192 Safari/537.36","browser":{"name":"Chrome","version":"88.0.4324.192","major":"88"},"engine":{"name":"Blink","version":"88.0.4324.192"},"os":{"name":"Fedora"},"device":{},"cpu":{"architecture":"amd64"}},{"ua":"Mozilla/5.0 (X11; Fedora; Linux x86_64) AppleWebKit/537.36 (KHTML, like Gecko) Brave Chrome/89.0.4389.114 Safari/537.36","browser":{"name":"Chrome","version":"89.0.4389.114","major":"89"},"engine":{"name":"Blink","version":"89.0.4389.114"},"os":{"name":"Fedora"},"device":{},"cpu":{"architecture":"amd64"}},{"ua":"Mozilla/5.0 (X11; Fedora; Linux x86_64) AppleWebKit/537.36 (KHTML, like Gecko) Chrome/92.0.4515.70 Safari/537.36","browser":{"name":"Chrome","version":"92.0.4515.70","major":"92"},"engine":{"name":"Blink","version":"92.0.4515.70"},"os":{"name":"Fedora"},"device":{},"cpu":{"architecture":"amd64"}},{"ua":"Mozilla/5.0 (X11; Fedora; Linux x86_64) AppleWebKit/537.36 (KHTML, like Gecko) Chrome/90.0.4430.212 Safari/537.36","browser":{"name":"Chrome","version":"90.0.4430.212","major":"90"},"engine":{"name":"Blink","version":"90.0.4430.212"},"os":{"name":"Fedora"},"device":{},"cpu":{"architecture":"amd64"}},{"ua":"Mozilla/5.0 (X11; Fedora; Linux x86_64) AppleWebKit/537.36 (KHTML, like Gecko) Chrome/95.0.4638.69 Safari/537.36","browser":{"name":"Chrome","version":"95.0.4638.69","major":"95"},"engine":{"name":"Blink","version":"95.0.4638.69"},"os":{"name":"Fedora"},"device":{},"cpu":{"architecture":"amd64"}},{"ua":"Mozilla/5.0 (X11; Fedora; Linux x86_64) AppleWebKit/537.36 (KHTML, like Gecko) Chrome/98.0.4758.80 Safari/537.36","browser":{"name":"Chrome","version":"98.0.4758.80","major":"98"},"engine":{"name":"Blink","version":"98.0.4758.80"},"os":{"name":"Fedora"},"device":{},"cpu":{"architecture":"amd64"}},{"ua":"Mozilla/5.0 (X11; Fedora; Linux x86_64) AppleWebKit/537.36 (KHTML, like Gecko) Chrome/100.0.4896.75 Safari/537.36","browser":{"name":"Chrome","version":"100.0.4896.75","major":"100"},"engine":{"name":"Blink","version":"100.0.4896.75"},"os":{"name":"Fedora"},"device":{},"cpu":{"architecture":"amd64"}},{"ua":"Mozilla/5.0 (X11; Fedora; Linux x86_64) AppleWebKit/537.36 (KHTML, like Gecko) Chrome/101.0.4951.54 Safari/537.36","browser":{"name":"Chrome","version":"101.0.4951.54","major":"101"},"engine":{"name":"Blink","version":"101.0.4951.54"},"os":{"name":"Fedora"},"device":{},"cpu":{"architecture":"amd64"}},{"ua":"Mozilla/5.0 (X11; Fedora; Linux x86_64) AppleWebKit/537.36 (KHTML, like Gecko) Chrome/100.0.4896.127 Safari/537.36","browser":{"name":"Chrome","version":"100.0.4896.127","major":"100"},"engine":{"name":"Blink","version":"100.0.4896.127"},"os":{"name":"Fedora"},"device":{},"cpu":{"architecture":"amd64"}},{"ua":"Mozilla/5.0 (X11; Fedora; Linux x86_64) AppleWebKit/537.36 (KHTML, like Gecko) Chrome/101.0.4951.64 Safari/537.36","browser":{"name":"Chrome","version":"101.0.4951.64","major":"101"},"engine":{"name":"Blink","version":"101.0.4951.64"},"os":{"name":"Fedora"},"device":{},"cpu":{"architecture":"amd64"}},{"ua":"Mozilla/5.0 (X11; Fedora; Linux x86_64) AppleWebKit/537.36 (KHTML, like Gecko) Chrome/105.0.0.0 Safari/537.36","browser":{"name":"Chrome","version":"105.0.0.0","major":"105"},"engine":{"name":"Blink","version":"105.0.0.0"},"os":{"name":"Fedora"},"device":{},"cpu":{"architecture":"amd64"}},{"ua":"Mozilla/5.0 (X11; Fedora; Linux x86_64) AppleWebKit/537.36 (KHTML, like Gecko) Chrome/126.0.0.0 Safari/537.36","browser":{"name":"Chrome","version":"126.0.0.0","major":"126"},"engine":{"name":"Blink","version":"126.0.0.0"},"os":{"name":"Fedora"},"device":{},"cpu":{"architecture":"amd64"}}]