[{"ua":"Mozilla/5.0 (iPhone; CPU iPhone OS 11_4_1 like Mac OS X) AppleWebKit/604.1.34 (KHTML, like Gecko) GSA/55.0.206190063 Mobile/15G77 Safari/604.1","browser":{"name":"GSA","version":"55.0.206190063","major":"55"},"engine":{"name":"WebKit","version":"604.1.34"},"os":{"name":"iOS","version":"11.4.1"},"device":{"vendor":"Apple","model":"iPhone","type":"mobile"},"cpu":{}},{"ua":"Mozilla/5.0 (iPhone; CPU iPhone OS 11_3 like Mac OS X) AppleWebKit/604.1.34 (KHTML, like Gecko) GSA/62.1.220348572 Mobile/15E216 Safari/604.1","browser":{"name":"GSA","version":"62.1.220348572","major":"62"},"engine":{"name":"WebKit","version":"604.1.34"},"os":{"name":"iOS","version":"11.3"},"device":{"vendor":"Apple","model":"iPhone","type":"mobile"},"cpu":{}},{"ua":"Mozilla/5.0 (iPhone; CPU iPhone OS 13_3 like Mac OS X) AppleWebKit/605.1.15 (KHTML, like Gecko) GSA/88.1.284108841 Mobile/15E148 Safari/604.1","browser":{"name":"GSA","version":"88.1.284108841","major":"88"},"engine":{"name":"WebKit","version":"605.1.15"},"os":{"name":"iOS","version":"13.3"},"device":{"vendor":"Apple","model":"iPhone","type":"mobile"},"cpu":{}},{"ua":"Mozilla/5.0 (iPhone; CPU iPhone OS 13_3 like Mac OS X) AppleWebKit/605.1.15 (KHTML, like Gecko) GSA/89.2.287201133 Mobile/15E148 Safari/604.1","browser":{"name":"GSA","version":"89.2.287201133","major":"89"},"engine":{"name":"WebKit","version":"605.1.15"},"os":{"name":"iOS","version":"13.3"},"device":{"vendor":"Apple","model":"iPhone","type":"mobile"},"cpu":{}},{"ua":"Mozilla/5.0 (iPhone; CPU iPhone OS 17_4 like Mac OS X) AppleWebKit/605.1.15 (KHTML, like Gecko) GSA/317.0.634488990 Mobile/15E148 Safari/604.1","browser":{"name":"GSA","version":"317.0.634488990","major":"317"},"engine":{"name":"WebKit","version":"605.1.15"},"os":{"name":"iOS","version":"17.4"},"device":{"vendor":"Apple","model":"iPhone","type":"mobile"},"cpu":{}}]