[{"ua":"Mozilla/4.0 (compatible; MSIE 8.0; Windows NT 5.2; WOW64; Trident/4.0; uZardWeb/1.0; Server_USA)","browser":{"name":"IE","version":"8.0","major":"8"},"engine":{"name":"Trident","version":"4.0"},"os":{"name":"Windows","version":"XP"},"device":{},"cpu":{"architecture":"amd64"}},{"ua":"Mozilla/5.0 (Windows NT 10.0; WOW64; Trident/7.0; rv:11.0) like Gecko","browser":{"name":"IE","version":"11.0","major":"11"},"engine":{"name":"Trident","version":"7.0"},"os":{"name":"Windows","version":"10"},"device":{},"cpu":{"architecture":"amd64"}},{"ua":"Mozilla/4.0 (compatible; MSIE 7.0; Windows NT 6.0; Acoo Browser; SLCC1;   .NET CLR 2.0.50727; Media Center PC 5.0; .NET CLR 3.0.04506)","browser":{"name":"IE","version":"7.0","major":"7"},"engine":{},"os":{"name":"Windows","version":"Vista"},"device":{},"cpu":{}},{"ua":"Mozilla/4.0 (compatible; MSIE 7.0; Windows NT 6.0; Acoo Browser; GTB5; SLCC1; .NET CLR 2.0.50727; Media Center PC 5.0; .NET CLR 3.0.04506)","browser":{"name":"IE","version":"7.0","major":"7"},"engine":{},"os":{"name":"Windows","version":"Vista"},"device":{},"cpu":{}},{"ua":"Mozilla/4.0 (compatible; MSIE 7.0; America Online Browser 1.1; rev1.5; Windows NT 5.1; .NET CLR 1.1.4322)","browser":{"name":"IE","version":"7.0","major":"7"},"engine":{},"os":{"name":"Windows","version":"XP"},"device":{},"cpu":{}},{"ua":"Mozilla/4.0 (compatible; MSIE 6.0; America Online Browser 1.1; Windows NT 5.1; SV1; .NET CLR 1.0.3705; .NET CLR 1.1.4322; Media Center PC 3.1)","browser":{"name":"IE","version":"6.0","major":"6"},"engine":{},"os":{"name":"Windows","version":"XP"},"device":{},"cpu":{}},{"ua":"Mozilla/4.0 (compatible; MSIE 6.0; America Online Browser 1.1; rev1.5; Windows NT 5.1; SV1; FunWebProducts; .NET CLR 1.1.4322)","browser":{"name":"IE","version":"6.0","major":"6"},"engine":{},"os":{"name":"Windows","version":"XP"},"device":{},"cpu":{}},{"ua":"Mozilla/4.0 (compatible; MSIE 8.0; AOL 9.6; AOLBuild 4340.5004; Windows NT 5.1; Trident/4.0; .NET CLR 1.1.4322; .NET CLR 2.0.50727; .NET CLR 3.0.4506.2152; .NET CLR 3.5.30729)","browser":{"name":"IE","version":"8.0","major":"8"},"engine":{"name":"Trident","version":"4.0"},"os":{"name":"Windows","version":"XP"},"device":{},"cpu":{}},{"ua":"Mozilla/4.0 (compatible; MSIE 8.0; AOL 9.6; AOLBuild 4340.168; Windows NT 5.1; Trident/4.0; GTB7.1; .NET CLR 1.0.3705; .NET CLR 1.1.4322; .NET CLR 3.0.04506.30; .NET CLR 3.0.4506.2152; .NET CLR 3.5.30729; .NET CLR 2.0.50727)","browser":{"name":"IE","version":"8.0","major":"8"},"engine":{"name":"Trident","version":"4.0"},"os":{"name":"Windows","version":"XP"},"device":{},"cpu":{}},{"ua":"Mozilla/4.0 (compatible; MSIE 8.0; AOL 9.6; AOLBuild 4340.111; Windows NT 5.1; Trident/4.0; .NET CLR 1.1.4322; .NET CLR 2.0.50727; .NET CLR 3.0.04506.30; .NET CLR 3.0.04506.648; .NET CLR 3.0.4506.2152; .NET CLR 3.5.30729; .NET4.0C; .NET4.0E)","browser":{"name":"IE","version":"8.0","major":"8"},"engine":{"name":"Trident","version":"4.0"},"os":{"name":"Windows","version":"XP"},"device":{},"cpu":{}},{"ua":"Mozilla/4.0 (compatible; MSIE 7.0; AOL 9.5; AOLBuild 4337.81; Windows NT 6.0; Trident/4.0; SLCC1; .NET CLR 2.0.50727; Media Center PC 5.0; .NET CLR 3.5.30729; .NET CLR 3.0.30618)","browser":{"name":"IE","version":"7.0","major":"7"},"engine":{"name":"Trident","version":"4.0"},"os":{"name":"Windows","version":"Vista"},"device":{},"cpu":{}},{"ua":"Mozilla/4.0 (compatible; MSIE 7.0; AOL 9.5; AOLBuild 4337.42; Windows NT 5.1; Trident/4.0; .NET CLR 1.1.4322; .NET CLR 2.0.50727; .NET CLR 3.0.04506.30; .NET CLR 3.0.04506.648; .NET CLR 3.0.4506.2152; .NET CLR 3.5.30729)","browser":{"name":"IE","version":"7.0","major":"7"},"engine":{"name":"Trident","version":"4.0"},"os":{"name":"Windows","version":"XP"},"device":{},"cpu":{}},{"ua":"Mozilla/5.0 (compatible; MSIE 9.0; AOL 9.1; AOLBuild 4334.5012; Windows NT 6.0; WOW64; Trident/5.0)","browser":{"name":"IE","version":"9.0","major":"9"},"engine":{"name":"Trident","version":"5.0"},"os":{"name":"Windows","version":"Vista"},"device":{},"cpu":{"architecture":"amd64"}},{"ua":"Mozilla/4.0 (compatible; MSIE 7.0; AOL 9.1; AOLBuild 4334.5000; Windows NT 5.1; Trident/4.0)","browser":{"name":"IE","version":"7.0","major":"7"},"engine":{"name":"Trident","version":"4.0"},"os":{"name":"Windows","version":"XP"},"device":{},"cpu":{}},{"ua":"Mozilla/4.0 (compatible; MSIE 7.0; AOL 9.1; AOLBuild 4334.27; Windows NT 6.0; SLCC1; .NET CLR 2.0.50727; .NET CLR 3.0.04506); UnAuth-State","browser":{"name":"IE","version":"7.0","major":"7"},"engine":{},"os":{"name":"Windows","version":"Vista"},"device":{},"cpu":{}},{"ua":"Mozilla/4.0 (compatible; MSIE 7.0; AOL 9.0; Windows NT 6.0; Trident/4.0; FunWebProducts; GTB6.4; SLCC1; .NET CLR 2.0.50727; Media Center PC 5.0; .NET CLR 1.1.4322; .NET CLR 3.5.30729; OfficeLiveConnector.1.3; OfficeLivePatch.0.0; .NET CLR 3.0.30729)","browser":{"name":"IE","version":"7.0","major":"7"},"engine":{"name":"Trident","version":"4.0"},"os":{"name":"Windows","version":"Vista"},"device":{},"cpu":{}},{"ua":"Mozilla/4.0 (compatible; MSIE 7.0; AOL 9.0; Windows NT 5.1; Mozilla/4.0 (compatible; MSIE 6.0; Windows NT 5.1; SV1) ; .NET CLR 1.1.4322)","browser":{"name":"IE","version":"7.0","major":"7"},"engine":{},"os":{"name":"Windows","version":"XP"},"device":{},"cpu":{}},{"ua":"Mozilla/4.0 (compatible; MSIE 7.0; AOL 8.0; Windows NT 5.1; GTB5; .NET CLR 1.1.4322; .NET CLR 2.0.50727)","browser":{"name":"IE","version":"7.0","major":"7"},"engine":{},"os":{"name":"Windows","version":"XP"},"device":{},"cpu":{}},{"ua":"Mozilla/4.0 (compatible; MSIE 6.0; AOL 8.0; Windows NT 5.1; SV1; .NET CLR 1.1.4322)","browser":{"name":"IE","version":"6.0","major":"6"},"engine":{},"os":{"name":"Windows","version":"XP"},"device":{},"cpu":{}},{"ua":"Mozilla/4.0 (compatible; MSIE 6.0; AOL 8.0; Windows NT 5.1; .NET CLR 1.0.3705)","browser":{"name":"IE","version":"6.0","major":"6"},"engine":{},"os":{"name":"Windows","version":"XP"},"device":{},"cpu":{}},{"ua":"Mozilla/4.0 (compatible; MSIE 6.0; AOL 7.0; Windows NT 5.1; YComp 5.0.2.6; Hotbar 4.2.8.0)","browser":{"name":"IE","version":"6.0","major":"6"},"engine":{},"os":{"name":"Windows","version":"XP"},"device":{},"cpu":{}},{"ua":"Mozilla/4.0 (compatible; MSIE 6.0; AOL 7.0; Windows NT 5.1; Hotbar 4.2.8.0)","browser":{"name":"IE","version":"6.0","major":"6"},"engine":{},"os":{"name":"Windows","version":"XP"},"device":{},"cpu":{}},{"ua":"Mozilla/4.0 (compatible; MSIE 6.0; AOL 6.0; Windows NT 5.1)","browser":{"name":"IE","version":"6.0","major":"6"},"engine":{},"os":{"name":"Windows","version":"XP"},"device":{},"cpu":{}},{"ua":"Mozilla/4.0 (compatible; MSIE 5.5; AOL 5.0; Windows NT 5.0)","browser":{"name":"IE","version":"5.5","major":"5"},"engine":{},"os":{"name":"Windows","version":"2000"},"device":{},"cpu":{}},{"ua":"Mozilla/4.0  (compatible; MSIE 5.5; AOL 5.0; Windows NT 5.0)","browser":{"name":"IE","version":"5.5","major":"5"},"engine":{},"os":{"name":"Windows","version":"2000"},"device":{},"cpu":{}},{"ua":"Mozilla/5.0 (compatible; MSIE 8.0; Windows NT 6.0; SV1; Crazy Browser 9.0.04)","browser":{"name":"IE","version":"8.0","major":"8"},"engine":{},"os":{"name":"Windows","version":"Vista"},"device":{},"cpu":{}},{"ua":"Mozilla/4.0 (compatible; MSIE 6.0; Windows NT 5.1; SV1; .NET CLR 1.1.4322; .NET CLR 2.0.50727; Crazy Browser 3.0.0 Beta2)","browser":{"name":"IE","version":"6.0","major":"6"},"engine":{},"os":{"name":"Windows","version":"XP"},"device":{},"cpu":{}},{"ua":"Mozilla/4.0 (compatible; MSIE 6.0; Windows NT 5.1; SV1; (R1 1.3; Crazy Browser 2.0.1); .NET CLR 1.1.4322)","browser":{"name":"IE","version":"6.0","major":"6"},"engine":{},"os":{"name":"Windows","version":"XP"},"device":{},"cpu":{}},{"ua":"Mozilla/4.0 (compatible; MSIE 6.0; Windows NT 5.1; SV1; .NET CLR 1.1.4322; Crazy Browser 2.0.0)","browser":{"name":"IE","version":"6.0","major":"6"},"engine":{},"os":{"name":"Windows","version":"XP"},"device":{},"cpu":{}},{"ua":"Mozilla/4.0 (compatible; MSIE 6.0; Windows NT 5.1; SV1; Crazy Browser 1.0.5; .NET CLR 1.0.3705; .NET CLR 1.1.4322)","browser":{"name":"IE","version":"6.0","major":"6"},"engine":{},"os":{"name":"Windows","version":"XP"},"device":{},"cpu":{}},{"ua":"Mozilla/4.0 (compatible; MSIE 6.0; Windows NT 5.1; Crazy Browser 1.0.5; .NET CLR 2.0.40607; .NET CLR 1.1.4322)","browser":{"name":"IE","version":"6.0","major":"6"},"engine":{},"os":{"name":"Windows","version":"XP"},"device":{},"cpu":{}},{"ua":"Mozilla/4.0 (compatible; MSIE 7.0; Windows NT 5.1; Deepnet Explorer 1.5.3; Smart 2x2; .NET CLR 2.0.50727; .NET CLR 1.1.4322; InfoPath.1)","browser":{"name":"IE","version":"7.0","major":"7"},"engine":{},"os":{"name":"Windows","version":"XP"},"device":{},"cpu":{}},{"ua":"Mozilla/4.0 (compatible; MSIE 7.0; Windows NT 5.1; Deepnet Explorer 1.5.0; .NET CLR 2.0.50727)","browser":{"name":"IE","version":"7.0","major":"7"},"engine":{},"os":{"name":"Windows","version":"XP"},"device":{},"cpu":{}},{"ua":"Mozilla/4.0 (compatible; MSIE 7.0; Windows NT 5.1; Trident/4.0; GTB6.3; .NET CLR 2.0.50727; .NET CLR 3.0.4506.2152; .NET CLR 3.5.30729; .NET CLR 1.1.4322; GreenBrowser)","browser":{"name":"IE","version":"7.0","major":"7"},"engine":{"name":"Trident","version":"4.0"},"os":{"name":"Windows","version":"XP"},"device":{},"cpu":{}},{"ua":"Mozilla/4.0 (compatible; MSIE 7.0; Windows NT 5.1; .NET CLR 2.0.50727; GreenBrowser)","browser":{"name":"IE","version":"7.0","major":"7"},"engine":{},"os":{"name":"Windows","version":"XP"},"device":{},"cpu":{}},{"ua":"Mozilla/5.0 (compatible; MSIE 10.6; Windows NT 6.1; Trident/5.0; InfoPath.2; SLCC1; .NET CLR 3.0.4506.2152; .NET CLR 3.5.30729; .NET CLR 2.0.50727) 3gpp-gba UNTRUSTED/1.0","browser":{"name":"IE","version":"10.6","major":"10"},"engine":{"name":"Trident","version":"5.0"},"os":{"name":"Windows","version":"7"},"device":{},"cpu":{}},{"ua":"Mozilla/1.22 (compatible; MSIE 10.0; Windows 3.1)","browser":{"name":"IE","version":"10.0","major":"10"},"engine":{},"os":{"name":"Windows","version":"3.1"},"device":{},"cpu":{}},{"ua":"Mozilla/5.0 (compatible; MSIE 9.0; Windows NT 6.1; WOW64; Trident/5.0; .NET CLR 3.5.30729; .NET CLR 3.0.30729; .NET CLR 2.0.50727; Media Center PC 6.0)","browser":{"name":"IE","version":"9.0","major":"9"},"engine":{"name":"Trident","version":"5.0"},"os":{"name":"Windows","version":"7"},"device":{},"cpu":{"architecture":"amd64"}},{"ua":"Mozilla/5.0 (compatible; MSIE 9.0; Windows NT 6.1; Trident/5.0; chromeframe/11.0.696.57)","browser":{"name":"IE","version":"9.0","major":"9"},"engine":{"name":"Trident","version":"5.0"},"os":{"name":"Windows","version":"7"},"device":{},"cpu":{}},{"ua":"Mozilla/5.0 (compatible; MSIE 8.0; Windows NT 6.0; Trident/4.0; .NET CLR 2.7.58687; SLCC2; Media Center PC 5.0; Zune 3.4; Tablet PC 3.6; InfoPath.3)","browser":{"name":"IE","version":"8.0","major":"8"},"engine":{"name":"Trident","version":"4.0"},"os":{"name":"Windows","version":"Vista"},"device":{},"cpu":{}},{"ua":"Mozilla/4.0 (compatible; MSIE 8.0; Windows NT 6.2; Trident/4.0; SLCC2; .NET CLR 2.0.50727; .NET CLR 3.5.30729; .NET CLR 3.0.30729; Media Center PC 6.0)","browser":{"name":"IE","version":"8.0","major":"8"},"engine":{"name":"Trident","version":"4.0"},"os":{"name":"Windows","version":"8"},"device":{},"cpu":{}},{"ua":"Mozilla/4.0 (compatible; MSIE 8.0; Windows NT 6.1; WOW64; Trident/4.0; SLCC2; .NET CLR 2.0.50727; .NET CLR 3.5.30729; .NET CLR 3.0.30729; Media Center PC 6.0; MS-RTC LM 8; InfoPath.3; .NET4.0C; .NET4.0E) chromeframe/8.0.552.224","browser":{"name":"IE","version":"8.0","major":"8"},"engine":{"name":"Trident","version":"4.0"},"os":{"name":"Windows","version":"7"},"device":{},"cpu":{"architecture":"amd64"}},{"ua":"Mozilla/4.0 (compatible; MSIE 7.0b; Windows NT 5.1; .NET CLR 1.1.4322; Alexa Toolbar; .NET CLR 2.0.50727)","browser":{"name":"IE","version":"7.0b","major":"7"},"engine":{},"os":{"name":"Windows","version":"XP"},"device":{},"cpu":{}},{"ua":"Mozilla/5.0 (Windows; U; MSIE 7.0; Windows NT 5.2)","browser":{"name":"IE","version":"7.0","major":"7"},"engine":{},"os":{"name":"Windows","version":"XP"},"device":{},"cpu":{}},{"ua":"Mozilla/4.0 (Windows; MSIE 7.0; Windows NT 5.1; SV1; .NET CLR 2.0.50727)","browser":{"name":"IE","version":"7.0","major":"7"},"engine":{},"os":{"name":"Windows","version":"XP"},"device":{},"cpu":{}},{"ua":"Mozilla/4.0 (compatible; MSIE 7.0; Windows NT 6.1; SLCC2; .NET CLR 2.0.50727; .NET CLR 3.5.30729; .NET CLR 3.0.30729; Media Center PC 6.0; .NET4.0C; chromeframe/12.0.742.100)","browser":{"name":"IE","version":"7.0","major":"7"},"engine":{},"os":{"name":"Windows","version":"7"},"device":{},"cpu":{}},{"ua":"Mozilla/4.0 (compatible; MSIE 6.0b; Windows NT 5.0; YComp 5.0.0.0)","browser":{"name":"IE","version":"6.0b","major":"6"},"engine":{},"os":{"name":"Windows","version":"2000"},"device":{},"cpu":{}},{"ua":"Mozilla/4.0 (compatible; MSIE 6.0b; Windows NT 5.1)","browser":{"name":"IE","version":"6.0b","major":"6"},"engine":{},"os":{"name":"Windows","version":"XP"},"device":{},"cpu":{}},{"ua":"Mozilla/4.08 (compatible; MSIE 6.0; Windows NT 5.1)","browser":{"name":"IE","version":"6.0","major":"6"},"engine":{},"os":{"name":"Windows","version":"XP"},"device":{},"cpu":{}},{"ua":"Mozilla/4.0 (compatible;MSIE 6.0;Windows 98;Q312461)","browser":{"name":"IE","version":"6.0","major":"6"},"engine":{},"os":{"name":"Windows","version":"98"},"device":{},"cpu":{}},{"ua":"Mozilla/4.0 (compatible; MSIE 5.50; Windows NT; SiteKiosk 4.8)","browser":{"name":"IE","version":"5.50","major":"5"},"engine":{},"os":{"name":"Windows","version":"NT"},"device":{},"cpu":{}},{"ua":"Mozilla/4.0 (compatible; MSIE 5.5; Windows NT 6.1; SLCC2; .NET CLR 2.0.50727; .NET CLR 3.5.30729; .NET CLR 3.0.30729; Media Center PC 6.0; .NET4.0C; .NET4.0E)","browser":{"name":"IE","version":"5.5","major":"5"},"engine":{},"os":{"name":"Windows","version":"7"},"device":{},"cpu":{}},{"ua":"Mozilla/4.0 (compatible; MSIE 5.5; Windows NT 5.1; SV1; .NET CLR 1.1.4322; .NET CLR 2.0.50727; .NET CLR 3.0.4506.2152; .NET CLR 3.5.30729)","browser":{"name":"IE","version":"5.5","major":"5"},"engine":{},"os":{"name":"Windows","version":"XP"},"device":{},"cpu":{}},{"ua":"Mozilla/4.0 (compatible; MSIE 5.01; Windows NT)","browser":{"name":"IE","version":"5.01","major":"5"},"engine":{},"os":{"name":"Windows","version":"NT"},"device":{},"cpu":{}},{"ua":"Mozilla/4.0 (compatible; MSIE 5.01; Windows NT 5.0; Wanadoo 5.6)","browser":{"name":"IE","version":"5.01","major":"5"},"engine":{},"os":{"name":"Windows","version":"2000"},"device":{},"cpu":{}},{"ua":"Mozilla/4.0 (compatible; MSIE 5.00; Windows 98)","browser":{"name":"IE","version":"5.00","major":"5"},"engine":{},"os":{"name":"Windows","version":"98"},"device":{},"cpu":{}},{"ua":"Mozilla/4.0 (compatible; MSIE 5.0; Windows NT; DigExt; .NET CLR 1.0.3705)","browser":{"name":"IE","version":"5.0","major":"5"},"engine":{},"os":{"name":"Windows","version":"NT"},"device":{},"cpu":{}},{"ua":"Mozilla/4.0 (compatible; MSIE 5.0; Windows 98; YComp 5.0.2.4)","browser":{"name":"IE","version":"5.0","major":"5"},"engine":{},"os":{"name":"Windows","version":"98"},"device":{},"cpu":{}},{"ua":"Mozilla/4.0 (compatible; MSIE 4.01; Windows NT 5.0)","browser":{"name":"IE","version":"4.01","major":"4"},"engine":{},"os":{"name":"Windows","version":"2000"},"device":{},"cpu":{}},{"ua":"Mozilla/4.0 (compatible; MSIE 4.01; Windows CE; Smartphone; 176x220)","browser":{"name":"IE","version":"4.01","major":"4"},"engine":{},"os":{"name":"Windows","version":"CE"},"device":{"type":"mobile"},"cpu":{}},{"ua":"Mozilla/4.0 (compatible; MSIE 4.01; Windows 95)","browser":{"name":"IE","version":"4.01","major":"4"},"engine":{},"os":{"name":"Windows","version":"95"},"device":{},"cpu":{}},{"ua":"Mozilla/2.0 (compatible; MSIE 3.01; Windows 95)","browser":{"name":"IE","version":"3.01","major":"3"},"engine":{},"os":{"name":"Windows","version":"95"},"device":{},"cpu":{}},{"ua":"Mozilla/1.22 (compatible; MSIE 2.0; Windows 3.1)","browser":{"name":"IE","version":"2.0","major":"2"},"engine":{},"os":{"name":"Windows","version":"3.1"},"device":{},"cpu":{}},{"ua":"Mozilla/4.0 (compatible; MSIE 8.0; Windows NT 6.1; Trident/4.0; KKMAN3.2; SLCC2; .NET CLR 2.0.50727; .NET CLR 3.5.30729; .NET CLR 3.0.30729; Media Center PC 6.0)","browser":{"name":"IE","version":"8.0","major":"8"},"engine":{"name":"Trident","version":"4.0"},"os":{"name":"Windows","version":"7"},"device":{},"cpu":{}},{"ua":"Mozilla/4.0 (compatible; MSIE 8.0; Windows NT 5.1; Trident/4.0; Mozilla/4.0 (compatible; MSIE 6.0; Windows NT 5.1; SV1) ; KKMAN3.2; .NET CLR 1.1.4322; .NET CLR 2.0.50727; .NET CLR 3.0.4506.2152; .NET CLR 3.5.30729)","browser":{"name":"IE","version":"8.0","major":"8"},"engine":{"name":"Trident","version":"4.0"},"os":{"name":"Windows","version":"XP"},"device":{},"cpu":{}},{"ua":"Mozilla/4.0 (compatible; MSIE 8.0; Windows NT 5.1; Trident/4.0; GTB6.6; KKMAN3.2; .NET CLR 2.0.50727; .NET CLR 3.0.4506.2152; .NET CLR 3.5.30729; InfoPath.3)","browser":{"name":"IE","version":"8.0","major":"8"},"engine":{"name":"Trident","version":"4.0"},"os":{"name":"Windows","version":"XP"},"device":{},"cpu":{}},{"ua":"Mozilla/4.0 (compatible; MSIE 8.0; Windows NT 5.1; Trident/4.0; (R1 1.5); KKman3.0; .NET CLR 1.1.4322; .NET CLR 2.0.50727)","browser":{"name":"IE","version":"8.0","major":"8"},"engine":{"name":"Trident","version":"4.0"},"os":{"name":"Windows","version":"XP"},"device":{},"cpu":{}},{"ua":"Mozilla/4.0 (compatible; MSIE 7.0; Windows NT 6.0; KKman3.0; SLCC1; .NET CLR 2.0.50727; Media Center PC 5.0; .NET CLR 3.5.30729; .NET CLR 3.0.30618; OfficeLiveConnector.1.3; OfficeLivePatch.0.0)","browser":{"name":"IE","version":"7.0","major":"7"},"engine":{},"os":{"name":"Windows","version":"Vista"},"device":{},"cpu":{}},{"ua":"Mozilla/4.0 (compatible; MSIE 7.0; Windows NT 6.0; KKman3.0; SLCC1; .NET CLR 2.0.50727; Media Center PC 5.0; .NET CLR 3.0.04506; InfoPath.1)","browser":{"name":"IE","version":"7.0","major":"7"},"engine":{},"os":{"name":"Windows","version":"Vista"},"device":{},"cpu":{}},{"ua":"Mozilla/4.0 (compatible; MSIE 7.0; Windows NT 6.0; GTB5; KKman3.0; SLCC1; .NET CLR 2.0.50727; Media Center PC 5.0; .NET CLR 3.0.04506; InfoPath.1)","browser":{"name":"IE","version":"7.0","major":"7"},"engine":{},"os":{"name":"Windows","version":"Vista"},"device":{},"cpu":{}},{"ua":"Mozilla/4.0 (compatible; MSIE 7.0; Windows NT 5.1; Mozilla/4.0 (compatible; MSIE 6.0; Windows NT 5.1; SV1) ; KKman3.0; .NET CLR 1.1.4322; .NET CLR 2.0.50727; InfoPath.1)","browser":{"name":"IE","version":"7.0","major":"7"},"engine":{},"os":{"name":"Windows","version":"XP"},"device":{},"cpu":{}},{"ua":"Mozilla/4.0 (compatible; MSIE 5.5; Windows NT 5.0; KKman2.0)","browser":{"name":"IE","version":"5.5","major":"5"},"engine":{},"os":{"name":"Windows","version":"2000"},"device":{},"cpu":{}},{"ua":"Mozilla/4.0 (compatible; MSIE 7.0; Windows NT 6.0; MyIE2; SLCC1; .NET CLR 2.0.50727; Media Center PC 5.0","browser":{"name":"IE","version":"7.0","major":"7"},"engine":{},"os":{"name":"Windows","version":"Vista"},"device":{},"cpu":{}},{"ua":"Mozilla/4.0 (compatible; MSIE 7.0; Windows NT 5.1; MyIE2; .NET CLR 1.1.4322; .NET CLR 2.0.50727)","browser":{"name":"IE","version":"7.0","major":"7"},"engine":{},"os":{"name":"Windows","version":"XP"},"device":{},"cpu":{}},{"ua":"Mozilla/4.0 (compatible; MSIE 6.0; Windows NT 5.2; MyIE2; .NET CLR 1.1.4322; .NET CLR 1.0.3705)","browser":{"name":"IE","version":"6.0","major":"6"},"engine":{},"os":{"name":"Windows","version":"XP"},"device":{},"cpu":{}},{"ua":"Mozilla/4.0 (compatible; MSIE 6.0; Windows NT 5.1; SV1; MyIE2; .NET CLR 1.0.3705; .NET CLR 1.1.4322)","browser":{"name":"IE","version":"6.0","major":"6"},"engine":{},"os":{"name":"Windows","version":"XP"},"device":{},"cpu":{}},{"ua":"Mozilla/4.0 (compatible; MSIE 6.0; Windows NT 5.1; MyIE2; YComp 5.0.2.6)","browser":{"name":"IE","version":"6.0","major":"6"},"engine":{},"os":{"name":"Windows","version":"XP"},"device":{},"cpu":{}},{"ua":"Mozilla/4.0 (compatible; MSIE 6.0; Windows CE) Opera","browser":{"name":"IE","version":"6.0","major":"6"},"engine":{},"os":{"name":"Windows","version":"CE"},"device":{},"cpu":{}},{"ua":"Mozilla/4.0 (compatible; MSIE 8.0; Windows NT 5.1; Trident/4.0; GTB0.0; .NET CLR 2.0.50727; .NET CLR 3.0.04506.30; .NET CLR 1.1.4322; .NET CLR 3.0.4506.2152; .NET CLR 3.5.30729; OfficeLiveConnector.1.3; OfficeLivePatch.0.0; Sleipnir/2.9.6)","browser":{"name":"IE","version":"8.0","major":"8"},"engine":{"name":"Trident","version":"4.0"},"os":{"name":"Windows","version":"XP"},"device":{},"cpu":{}},{"ua":"Mozilla/4.0 (compatible; MSIE 7.0; Windows NT 5.1; .NET CLR 2.0.50727; .NET CLR 3.0.04506.648; .NET CLR 3.5.21022; InfoPath.2; Sleipnir/2.9.3)","browser":{"name":"IE","version":"7.0","major":"7"},"engine":{},"os":{"name":"Windows","version":"XP"},"device":{},"cpu":{}},{"ua":"Mozilla/4.0 (compatible; MSIE 7.0; Windows NT 5.1; .NET CLR 1.1.4322; .NET CLR 3.0.4506.2152; .NET CLR 3.5.30729; .NET CLR 2.0.50727; Sleipnir/2.9.2)","browser":{"name":"IE","version":"7.0","major":"7"},"engine":{},"os":{"name":"Windows","version":"XP"},"device":{},"cpu":{}},{"ua":"Mozilla/4.0 (compatible; MSIE 6.0; Windows NT 5.1; SV1; .NET CLR 1.1.4322; InfoPath.2; .NET CLR 2.0.50727; Sleipnir/2.9.2)","browser":{"name":"IE","version":"6.0","major":"6"},"engine":{},"os":{"name":"Windows","version":"XP"},"device":{},"cpu":{}},{"ua":"Mozilla/4.0 (compatible; MSIE 6.0; Windows NT 5.0; .NET CLR 1.1.4322; .NET CLR 2.0.50727; Sleipnir/2.9.1)","browser":{"name":"IE","version":"6.0","major":"6"},"engine":{},"os":{"name":"Windows","version":"2000"},"device":{},"cpu":{}},{"ua":"Mozilla/4.0 (compatible; MSIE 7.0; Windows NT 6.0; Trident/4.0; GTB6; SLCC1; .NET CLR 2.0.50727; Media Center PC 5.0; .NET CLR 3.5.30729; .NET CLR 3.0.30618; Sleipnir/2.8.5)","browser":{"name":"IE","version":"7.0","major":"7"},"engine":{"name":"Trident","version":"4.0"},"os":{"name":"Windows","version":"Vista"},"device":{},"cpu":{}},{"ua":"Mozilla/4.0 (compatible; MSIE 7.0; Windows NT 5.1; Trident/4.0; .NET CLR 2.0.50727; .NET CLR 3.0.4506.2152; .NET CLR 3.5.30729; .NET CLR 4.0.20506; Sleipnir/2.8.5)","browser":{"name":"IE","version":"7.0","major":"7"},"engine":{"name":"Trident","version":"4.0"},"os":{"name":"Windows","version":"XP"},"device":{},"cpu":{}},{"ua":"Mozilla/4.0 (compatible; MSIE 7.0; Windows NT 5.1; InfoPath.1; .NET CLR 2.0.50727; .NET CLR 3.0.4506.2152; .NET CLR 3.5.30729; msn OptimizedIE8;JAJP; Sleipnir/2.8.5)","browser":{"name":"IE","version":"7.0","major":"7"},"engine":{},"os":{"name":"Windows","version":"XP"},"device":{},"cpu":{}},{"ua":"Mozilla/4.0 (compatible; MSIE 6.0; Windows NT 5.1; SV1; .NET CLR 1.1.4322; .NET CLR 2.0.50727; FDM; Sleipnir/2.8.5)","browser":{"name":"IE","version":"6.0","major":"6"},"engine":{},"os":{"name":"Windows","version":"XP"},"device":{},"cpu":{}},{"ua":"Mozilla/4.0 (compatible; MSIE 7.0; Windows NT 5.2; WOW64; .NET CLR 2.0.50727; .NET CLR 3.0.04506.648; .NET CLR 3.5.21022) Sleipnir/2.8.4","browser":{"name":"IE","version":"7.0","major":"7"},"engine":{},"os":{"name":"Windows","version":"XP"},"device":{},"cpu":{"architecture":"amd64"}},{"ua":"Mozilla/4.0 (compatible; MSIE 7.0; Windows NT 5.1; Mozilla/4.0 (compatible; MSIE 6.0; Windows NT 5.1; SV1) ; .NET CLR 1.1.4322; InfoPath.1; .NET CLR 2.0.50727; .NET CLR 3.0.04506.30) Sleipnir/2.8.4","browser":{"name":"IE","version":"7.0","major":"7"},"engine":{},"os":{"name":"Windows","version":"XP"},"device":{},"cpu":{}},{"ua":"Mozilla/4.0 (compatible; MSIE 6.0; Windows NT 5.1; User-agent: Mozilla/4.0 (compatible; MSIE 6.0; Windows NT 5.1; SV1); .NET CLR 1.0.3705; .NET CLR 1.1.4322; .NET CLR 2.0.50727; .NET CLR 3.0.4506.2152; .NET CLR 3.5.30729) Sleipnir/2.8.4","browser":{"name":"IE","version":"6.0","major":"6"},"engine":{},"os":{"name":"Windows","version":"XP"},"device":{},"cpu":{}},{"ua":"Mozilla/4.0 (compatible; MSIE 7.0; Windows NT 5.1; .NET CLR 2.0.50727; .NET CLR 3.0.4506.2152; .NET CLR 3.5.30729) Sleipnir/2.8.3","browser":{"name":"IE","version":"7.0","major":"7"},"engine":{},"os":{"name":"Windows","version":"XP"},"device":{},"cpu":{}},{"ua":"Mozilla/4.0 (compatible; MSIE 7.0; Windows NT 5.1; GTB5; .NET CLR 1.1.4322; .NET CLR 2.0.50727) Sleipnir/2.8.0","browser":{"name":"IE","version":"7.0","major":"7"},"engine":{},"os":{"name":"Windows","version":"XP"},"device":{},"cpu":{}},{"ua":"Mozilla/4.0 (compatible; MSIE 7.0; Windows NT 5.1; .NET CLR 1.1.4322; .NET CLR 2.0.50727) Sleipnir/2.7.2","browser":{"name":"IE","version":"7.0","major":"7"},"engine":{},"os":{"name":"Windows","version":"XP"},"device":{},"cpu":{}},{"ua":"Mozilla/4.0 (compatible; MSIE 6.0; Windows NT 5.1; .NET CLR 1.1.4322) Sleipnir/2.7.0","browser":{"name":"IE","version":"6.0","major":"6"},"engine":{},"os":{"name":"Windows","version":"XP"},"device":{},"cpu":{}},{"ua":"Mozilla/4.0 (compatible; MSIE 7.0; Windows NT 6.0; SLCC1; .NET CLR 2.0.50727; Media Center PC 5.0; .NET CLR 3.0.04506; InfoPath.1) Sleipnir/2.5.17","browser":{"name":"IE","version":"7.0","major":"7"},"engine":{},"os":{"name":"Windows","version":"Vista"},"device":{},"cpu":{}},{"ua":"Mozilla/4.0 (compatible; MSIE 7.0; Windows NT 5.1; GTB6; .NET CLR 1.1.4322; .NET CLR 2.0.50727) Sleipnir/2.49","browser":{"name":"IE","version":"7.0","major":"7"},"engine":{},"os":{"name":"Windows","version":"XP"},"device":{},"cpu":{}},{"ua":"Mozilla/4.0 (compatible; MSIE 6.0; Windows NT 5.1; SV1; GTB6; .NET CLR 1.1.4322; .NET CLR 2.0.50727; .NET CLR 3.0.04506.648; .NET CLR 3.5.21022) Sleipnir/2.46","browser":{"name":"IE","version":"6.0","major":"6"},"engine":{},"os":{"name":"Windows","version":"XP"},"device":{},"cpu":{}},{"ua":"Mozilla/4.0 (compatible; MSIE 6.0; Windows NT 5.1; SV1; InfoPath.1) Sleipnir/2.21","browser":{"name":"IE","version":"6.0","major":"6"},"engine":{},"os":{"name":"Windows","version":"XP"},"device":{},"cpu":{}},{"ua":"Mozilla/4.0 (compatible; MSIE 8.0; Windows NT 6.0; Trident/4.0; QQDownload 1.7; GTB6.6; TencentTraveler 4.0; SLCC1; .NET CLR 2.0.50727; InfoPath.2; .NET CLR 3.5.30729; .NET CLR 3.0.30729)","browser":{"name":"IE","version":"8.0","major":"8"},"engine":{"name":"Trident","version":"4.0"},"os":{"name":"Windows","version":"Vista"},"device":{},"cpu":{}},{"ua":"Mozilla/4.0 (compatible; MSIE 7.0; Windows NT 5.1; Trident/4.0; QQDownload 1.7; GTB6.6; TencentTraveler 4.0)","browser":{"name":"IE","version":"7.0","major":"7"},"engine":{"name":"Trident","version":"4.0"},"os":{"name":"Windows","version":"XP"},"device":{},"cpu":{}},{"ua":"Mozilla/4.0 (compatible; MSIE 7.0; Windows NT 5.1; QQDownload 627; TencentTraveler 4.0; Mozilla/4.0 (compatible; MSIE 6.0; Windows NT 5.1; SV1) )","browser":{"name":"IE","version":"7.0","major":"7"},"engine":{},"os":{"name":"Windows","version":"XP"},"device":{},"cpu":{}},{"ua":"Mozilla/4.0 (compatible; MSIE 6.0; Windows NT 5.1; SV1; QQDownload 661; GTB6.6; TencentTraveler 4.0; .NET CLR 1.0.3705; .NET CLR 1.1.4322; Media Center PC 4.0; .NET CLR 2.0.50727; .NET CLR 3.0.4506.2152; .NET CLR 3.5.30729)","browser":{"name":"IE","version":"6.0","major":"6"},"engine":{},"os":{"name":"Windows","version":"XP"},"device":{},"cpu":{}},{"ua":"Mozilla/4.0 (compatible; MSIE 6.0; Windows NT 5.1; QQDownload 667; SV1; QQDownload 669; TencentTraveler 4.0; .NET CLR 3.0.4506.2152; .NET CLR 3.5.30729; .NET CLR 2.0.50727)","browser":{"name":"IE","version":"6.0","major":"6"},"engine":{},"os":{"name":"Windows","version":"XP"},"device":{},"cpu":{}},{"ua":"Mozilla/4.0 (compatible; MSIE 8.0; Windows NT 6.1; WOW64; Trident/4.0; Mozilla/4.0 (compatible; MSIE 6.0; Windows NT 5.1; SV1) ; SLCC2; .NET CLR 2.0.50727; .NET CLR 3.5.30729; .NET CLR 3.0.30729; Media Center PC 6.0; .NET4.0C; TheWorld)","browser":{"name":"IE","version":"8.0","major":"8"},"engine":{"name":"Trident","version":"4.0"},"os":{"name":"Windows","version":"7"},"device":{},"cpu":{"architecture":"amd64"}},{"ua":"Mozilla/4.0 (compatible; MSIE 8.0; Windows NT 6.1; Trident/4.0; SLCC2; .NET CLR 2.0.50727; .NET CLR 3.5.30729; .NET CLR 3.0.30729; Media Center PC 6.0; .NET CLR 1.1.4322; Tablet PC 2.0; TheWorld)","browser":{"name":"IE","version":"8.0","major":"8"},"engine":{"name":"Trident","version":"4.0"},"os":{"name":"Windows","version":"7"},"device":{},"cpu":{}},{"ua":"Mozilla/4.0 (compatible; MSIE 8.0; Windows NT 5.1; Trident/4.0; Mozilla/4.0 (compatible; MSIE 6.0; Windows NT 5.1; SV1) ; InfoPath.2; .NET CLR 2.0.50727; .NET CLR 3.0.4506.2152; .NET CLR 3.5.30729; .NET4.0C; .NET4.0E; TheWorld)","browser":{"name":"IE","version":"8.0","major":"8"},"engine":{"name":"Trident","version":"4.0"},"os":{"name":"Windows","version":"XP"},"device":{},"cpu":{}},{"ua":"Mozilla/4.0 (compatible; MSIE 8.0; Windows NT 5.1; Trident/4.0; .NET CLR 2.0.50727; .NET CLR 3.0.04506.30; .NET CLR 3.0.4506.2152; .NET CLR 3.5.30729; AskTbFXTV5/5.9.1.14019; TheWorld)","browser":{"name":"IE","version":"8.0","major":"8"},"engine":{"name":"Trident","version":"4.0"},"os":{"name":"Windows","version":"XP"},"device":{},"cpu":{}},{"ua":"Mozilla/4.0 (compatible; MSIE 7.0; Windows NT 6.1; Trident/5.0; SLCC2; .NET CLR 2.0.50727; .NET CLR 3.5.30729; .NET CLR 3.0.30729; Media Center PC 6.0; TheWorld)","browser":{"name":"IE","version":"7.0","major":"7"},"engine":{"name":"Trident","version":"5.0"},"os":{"name":"Windows","version":"7"},"device":{},"cpu":{}},{"ua":"Mozilla/4.0 (compatible; MSIE 8.0; Windows NT 5.1; Trident/4.0)","browser":{"name":"IE","version":"8.0","major":"8"},"engine":{"name":"Trident","version":"4.0"},"os":{"name":"Windows","version":"XP"},"device":{},"cpu":{}},{"ua":"Mozilla/5.0 (Windows NT 6.1; Win64; x64; Trident/7.0; rv:11.0) like Gecko","browser":{"name":"IE","version":"11.0","major":"11"},"engine":{"name":"Trident","version":"7.0"},"os":{"name":"Windows","version":"7"},"device":{},"cpu":{"architecture":"amd64"}},{"ua":"Mozilla/4.0 (compatible; MSIE 6.0; Windows NT 5.1; SV1)","browser":{"name":"IE","version":"6.0","major":"6"},"engine":{},"os":{"name":"Windows","version":"XP"},"device":{},"cpu":{}},{"ua":"Mozilla/4.0 (compatible; MSIE 7.0; Windows NT 6.0)","browser":{"name":"IE","version":"7.0","major":"7"},"engine":{},"os":{"name":"Windows","version":"Vista"},"device":{},"cpu":{}},{"ua":"Mozilla/4.0 (compatible; MSIE 6.0; Windows NT 5.0)","browser":{"name":"IE","version":"6.0","major":"6"},"engine":{},"os":{"name":"Windows","version":"2000"},"device":{},"cpu":{}},{"ua":"Mozilla/4.0 (compatible; MSIE 6.0; Windows 98)","browser":{"name":"IE","version":"6.0","major":"6"},"engine":{},"os":{"name":"Windows","version":"98"},"device":{},"cpu":{}},{"ua":"Mozilla/5.0 (compatible; MSIE 9.0; Windows NT 6.1; Win64; x64; Trident/5.0)","browser":{"name":"IE","version":"9.0","major":"9"},"engine":{"name":"Trident","version":"5.0"},"os":{"name":"Windows","version":"7"},"device":{},"cpu":{"architecture":"amd64"}},{"ua":"Mozilla/5.0 (compatible; MSIE 10.0; Windows NT 6.1; WOW64; Trident/6.0)","browser":{"name":"IE","version":"10.0","major":"10"},"engine":{"name":"Trident","version":"6.0"},"os":{"name":"Windows","version":"7"},"device":{},"cpu":{"architecture":"amd64"}},{"ua":"Mozilla/4.0 (compatible; MSIE 6.0; Windows NT 5.1; .NET CLR 1.0.3705)","browser":{"name":"IE","version":"6.0","major":"6"},"engine":{},"os":{"name":"Windows","version":"XP"},"device":{},"cpu":{}},{"ua":"Mozilla/4.0 (compatible; MSIE 6.0; Windows NT 5.1; SV1; .NET CLR 1.0.3705)","browser":{"name":"IE","version":"6.0","major":"6"},"engine":{},"os":{"name":"Windows","version":"XP"},"device":{},"cpu":{}},{"ua":"Mozilla/4.0 (compatible; MSIE 6.0; Windows NT 5.1; SV1; .NET CLR 1.0.3705; .NET CLR 1.1.4322)","browser":{"name":"IE","version":"6.0","major":"6"},"engine":{},"os":{"name":"Windows","version":"XP"},"device":{},"cpu":{}},{"ua":"Mozilla/5.0 (Windows NT 10.0; WOW64; Trident/7.0; .NET4.0C; .NET4.0E; .NET CLR 2.0.50727; .NET CLR 3.0.30729; .NET CLR 3.5.30729; rv:11.0) like Gecko","browser":{"name":"IE","version":"11.0","major":"11"},"engine":{"name":"Trident","version":"7.0"},"os":{"name":"Windows","version":"10"},"device":{},"cpu":{"architecture":"amd64"}},{"ua":"Mozilla/4.0 (compatible; MSIE 6.0; Windows NT 5.1; SV1; FunWebProducts; .NET CLR 1.1.4322)","browser":{"name":"IE","version":"6.0","major":"6"},"engine":{},"os":{"name":"Windows","version":"XP"},"device":{},"cpu":{}},{"ua":"Mozilla/5.0 (Windows NT 10.0; WOW64; Trident/7.0; Touch; rv:11.0) like Gecko","browser":{"name":"IE","version":"11.0","major":"11"},"engine":{"name":"Trident","version":"7.0"},"os":{"name":"Windows","version":"10"},"device":{},"cpu":{"architecture":"amd64"}},{"ua":"Mozilla/4.0 (compatible; MSIE 5.0; Windows 98; DigExt)","browser":{"name":"IE","version":"5.0","major":"5"},"engine":{},"os":{"name":"Windows","version":"98"},"device":{},"cpu":{}},{"ua":"Mozilla/4.0 (compatible; MSIE 8.0; Windows NT 5.1; Trident/4.0)","browser":{"name":"IE","version":"8.0","major":"8"},"engine":{"name":"Trident","version":"4.0"},"os":{"name":"Windows","version":"XP"},"device":{},"cpu":{}},{"ua":"Mozilla/4.0 (compatible; MSIE 6.0; Windows NT 5.1; .NET CLR 1.0.3705; .NET CLR 1.1.4322)","browser":{"name":"IE","version":"6.0","major":"6"},"engine":{},"os":{"name":"Windows","version":"XP"},"device":{},"cpu":{}},{"ua":"Mozilla/4.0 (compatible; MSIE 7.0; Windows NT 6.2; Win64; x64; Trident/6.0; .NET4.0E; .NET4.0C; Microsoft Outlook 15.0.4927; ms-office; MSOffice 15)","browser":{"name":"IE","version":"7.0","major":"7"},"engine":{"name":"Trident","version":"6.0"},"os":{"name":"Windows","version":"8"},"device":{},"cpu":{"architecture":"amd64"}},{"ua":"Mozilla/4.0 (compatible; MSIE 7.0; Windows NT 6.2; Win64; x64; Trident/6.0; .NET4.0E; .NET4.0C; Microsoft Outlook 15.0.5007; ms-office; MSOffice 15)","browser":{"name":"IE","version":"7.0","major":"7"},"engine":{"name":"Trident","version":"6.0"},"os":{"name":"Windows","version":"8"},"device":{},"cpu":{"architecture":"amd64"}},{"ua":"Mozilla/4.0 (compatible; MSIE 8.0; Windows NT 6.1; Trident/4.0)","browser":{"name":"IE","version":"8.0","major":"8"},"engine":{"name":"Trident","version":"4.0"},"os":{"name":"Windows","version":"7"},"device":{},"cpu":{}},{"ua":"Mozilla/4.0 (compatible; MSIE 7.0; Windows NT 5.1; .NET CLR 1.0.3705; .NET CLR 1.1.4322; Media Center PC 4.0; .NET CLR 2.0.50727)","browser":{"name":"IE","version":"7.0","major":"7"},"engine":{},"os":{"name":"Windows","version":"XP"},"device":{},"cpu":{}},{"ua":"Mozilla/4.0 (compatible; MSIE 8.0; Windows NT 5.1; Trident/4.0; .NET CLR 2.0.50727; .NET CLR 3.0.4506.2152; .NET CLR 3.5.30729)","browser":{"name":"IE","version":"8.0","major":"8"},"engine":{"name":"Trident","version":"4.0"},"os":{"name":"Windows","version":"XP"},"device":{},"cpu":{}},{"ua":"Mozilla/4.0 (compatible; MSIE 7.0; Windows NT 6.2; Win64; x64; Trident/6.0; .NET4.0E; .NET4.0C; Microsoft Outlook 15.0.4849; ms-office; MSOffice 15)","browser":{"name":"IE","version":"7.0","major":"7"},"engine":{"name":"Trident","version":"6.0"},"os":{"name":"Windows","version":"8"},"device":{},"cpu":{"architecture":"amd64"}},{"ua":"Mozilla/4.0 (compatible; MSIE 5.01; Windows 98)","browser":{"name":"IE","version":"5.01","major":"5"},"engine":{},"os":{"name":"Windows","version":"98"},"device":{},"cpu":{}},{"ua":"Mozilla/4.0 (compatible; MSIE 6.0; Windows NT 5.1; SV1; InfoPath.2)","browser":{"name":"IE","version":"6.0","major":"6"},"engine":{},"os":{"name":"Windows","version":"XP"},"device":{},"cpu":{}},{"ua":"Mozilla/4.0 (compatible; MSIE 7.0; Windows NT 6.3; Win64; x64; Trident/7.0; .NET4.0E; .NET4.0C; .NET CLR 3.5.30729; .NET CLR 2.0.50727; .NET CLR 3.0.30729; Microsoft Outlook 15.0.5059; ms-office; MSOffice 15)","browser":{"name":"IE","version":"7.0","major":"7"},"engine":{"name":"Trident","version":"7.0"},"os":{"name":"Windows","version":"8.1"},"device":{},"cpu":{"architecture":"amd64"}},{"ua":"Mozilla/4.0 (compatible; MSIE 7.0; Windows NT 5.1; .NET CLR 1.0.3705; .NET CLR 1.1.4322; Media Center PC 4.0)","browser":{"name":"IE","version":"7.0","major":"7"},"engine":{},"os":{"name":"Windows","version":"XP"},"device":{},"cpu":{}},{"ua":"Mozilla/5.0 (compatible; MSIE 10.0; Windows NT 10.0; WOW64; Trident/7.0; Sleipnir6/6.4.4; SleipnirSiteUpdates/6.4.4)","browser":{"name":"IE","version":"10.0","major":"10"},"engine":{"name":"Trident","version":"7.0"},"os":{"name":"Windows","version":"10"},"device":{},"cpu":{"architecture":"amd64"}},{"ua":"Mozilla/5.0 (MSIE 10.0; Windows NT 6.1; Trident/5.0)","browser":{"name":"IE","version":"10.0","major":"10"},"engine":{"name":"Trident","version":"5.0"},"os":{"name":"Windows","version":"7"},"device":{},"cpu":{}},{"ua":"Mozilla/5.0 (Windows NT 10.0; WOW64; Trident/7.0; rv:11.0) like Gecko","browser":{"name":"IE","version":"11.0","major":"11"},"engine":{"name":"Trident","version":"7.0"},"os":{"name":"Windows","version":"10"},"device":{},"cpu":{"architecture":"amd64"}},{"ua":"Mozilla/5.0 (Windows NT 10.0; WOW64; Trident/7.0; rv:11.0) like Gecko Core/1.47.915.400 QQBrowser/9.4.8659.400","browser":{"name":"IE","version":"11.0","major":"11"},"engine":{"name":"Trident","version":"7.0"},"os":{"name":"Windows","version":"10"},"device":{},"cpu":{"architecture":"amd64"}},{"ua":"Mozilla/5.0 (Windows NT 10.0; WOW64; Trident/7.0; rv:11.0) like Gecko","browser":{"name":"IE","version":"11.0","major":"11"},"engine":{"name":"Trident","version":"7.0"},"os":{"name":"Windows","version":"10"},"device":{},"cpu":{"architecture":"amd64"}},{"ua":"Mozilla/5.0 (Windows NT 6.1; Trident/7.0; rv:11.0) like Gecko","browser":{"name":"IE","version":"11.0","major":"11"},"engine":{"name":"Trident","version":"7.0"},"os":{"name":"Windows","version":"7"},"device":{},"cpu":{}},{"ua":"Mozilla/1.22 (compatible; MSIE 2.0; Windows 3.1)","browser":{"name":"IE","version":"2.0","major":"2"},"engine":{},"os":{"name":"Windows","version":"3.1"},"device":{},"cpu":{}},{"ua":"Mozilla/2.0 (compatible; MSIE 3.0B; Windows NT)","browser":{"name":"IE","version":"3.0B","major":"3"},"engine":{},"os":{"name":"Windows","version":"NT"},"device":{},"cpu":{}},{"ua":"Mozilla/2.0 (compatible; MSIE 4.0; Windows 98)","browser":{"name":"IE","version":"4.0","major":"4"},"engine":{},"os":{"name":"Windows","version":"98"},"device":{},"cpu":{}},{"ua":"Mozilla/4.0 (Compatible; MSIE 5.5; Windows NT5.0; Q312461; SV1; .NET CLR 1.1.4322; InfoPath.2)","browser":{"name":"IE","version":"5.5","major":"5"},"engine":{},"os":{"name":"Windows","version":"NT5.0"},"device":{},"cpu":{}},{"ua":"Mozilla/4.0 (compatible; MSIE 4.0; Windows 95; .NET CLR 1.1.4322; .NET CLR 2.0.50727)","browser":{"name":"IE","version":"4.0","major":"4"},"engine":{},"os":{"name":"Windows","version":"95"},"device":{},"cpu":{}},{"ua":"Mozilla/4.0 (compatible; MSIE 4.01; AOL 4.0; Windows 98)","browser":{"name":"IE","version":"4.01","major":"4"},"engine":{},"os":{"name":"Windows","version":"98"},"device":{},"cpu":{}},{"ua":"Mozilla/4.0 (compatible; MSIE 4.01; Windows 98; Hotbar 3.0)","browser":{"name":"IE","version":"4.01","major":"4"},"engine":{},"os":{"name":"Windows","version":"98"},"device":{},"cpu":{}},{"ua":"Mozilla/4.0 (compatible; MSIE 4.01; Windows CE; PPC; 240x320; PPC)","browser":{"name":"IE","version":"4.01","major":"4"},"engine":{},"os":{"name":"Windows","version":"CE"},"device":{},"cpu":{"architecture":"arm"}},{"ua":"Mozilla/4.0 (compatible; MSIE 4.01; Windows CE; Sprint:SCH-i320; Smartphone; 176x220)","browser":{"name":"IE","version":"4.01","major":"4"},"engine":{},"os":{"name":"Windows","version":"CE"},"device":{"vendor":"Samsung","model":"SCH-i320","type":"mobile"},"cpu":{}},{"ua":"Mozilla/4.0 (compatible; MSIE 4.01; Windows CE; Sprint; SCH-i830; PPC; 240x320)","browser":{"name":"IE","version":"4.01","major":"4"},"engine":{},"os":{"name":"Windows","version":"CE"},"device":{"vendor":"Samsung","model":"SCH-i830","type":"mobile"},"cpu":{"architecture":"ppc"}},{"ua":"Mozilla/4.0 (compatible; MSIE 4.5; Windows 98; )","browser":{"name":"IE","version":"4.5","major":"4"},"engine":{},"os":{"name":"Windows","version":"98"},"device":{},"cpu":{}},{"ua":"Mozilla/4.0 (compatible; MSIE 5.0; AOL 5.0; Windows 95; DigExt)","browser":{"name":"IE","version":"5.0","major":"5"},"engine":{},"os":{"name":"Windows","version":"95"},"device":{},"cpu":{}},{"ua":"Mozilla/4.0 (compatible; MSIE 5.0; AOL 6.0; Windows 98; DigExt; YComp 5.0.2.5)","browser":{"name":"IE","version":"5.0","major":"5"},"engine":{},"os":{"name":"Windows","version":"98"},"device":{},"cpu":{}},{"ua":"Mozilla/4.0 (compatible; MSIE 5.0; AOL 8.0; Windows 98)","browser":{"name":"IE","version":"5.0","major":"5"},"engine":{},"os":{"name":"Windows","version":"98"},"device":{},"cpu":{}},{"ua":"Mozilla/4.0 (compatible; MSIE 5.0; Windows 3.1)","browser":{"name":"IE","version":"5.0","major":"5"},"engine":{},"os":{"name":"Windows","version":"3.1"},"device":{},"cpu":{}},{"ua":"Mozilla/4.0 (compatible; MSIE 5.0; Windows 95; DigExt; YComp 5.0.2.4)","browser":{"name":"IE","version":"5.0","major":"5"},"engine":{},"os":{"name":"Windows","version":"95"},"device":{},"cpu":{}},{"ua":"Mozilla/4.0 (compatible; MSIE 5.0; Windows 98; DigExt; (R1 1.1))","browser":{"name":"IE","version":"5.0","major":"5"},"engine":{},"os":{"name":"Windows","version":"98"},"device":{},"cpu":{}},{"ua":"Mozilla/4.0 (compatible; MSIE 5.0; Windows 98; DigExt; Hotbar 2.0)","browser":{"name":"IE","version":"5.0","major":"5"},"engine":{},"os":{"name":"Windows","version":"98"},"device":{},"cpu":{}},{"ua":"Mozilla/4.0 (compatible; MSIE 5.0; Windows 98; DigExt; Hotbar 4.2.4.0)","browser":{"name":"IE","version":"5.0","major":"5"},"engine":{},"os":{"name":"Windows","version":"98"},"device":{},"cpu":{}},{"ua":"Mozilla/4.0 (compatible; MSIE 5.0; Windows 98; DigExt; Wanadoo 5.3)","browser":{"name":"IE","version":"5.0","major":"5"},"engine":{},"os":{"name":"Windows","version":"98"},"device":{},"cpu":{}},{"ua":"Mozilla/4.0 (compatible; MSIE 5.0; Windows 98; DigExt; YComp 5.0.2.4)","browser":{"name":"IE","version":"5.0","major":"5"},"engine":{},"os":{"name":"Windows","version":"98"},"device":{},"cpu":{}},{"ua":"Mozilla/4.0 (compatible; MSIE 5.0; Windows 98; DigExt; YComp 5.0.2.6; yplus 1.0)","browser":{"name":"IE","version":"5.0","major":"5"},"engine":{},"os":{"name":"Windows","version":"98"},"device":{},"cpu":{}},{"ua":"Mozilla/4.0 (compatible; MSIE 5.0; Windows NT 5.0)","browser":{"name":"IE","version":"5.0","major":"5"},"engine":{},"os":{"name":"Windows","version":"2000"},"device":{},"cpu":{}},{"ua":"Mozilla/4.0 (compatible; MSIE 5.0; Windows NT)","browser":{"name":"IE","version":"5.0","major":"5"},"engine":{},"os":{"name":"Windows","version":"NT"},"device":{},"cpu":{}},{"ua":"Mozilla/4.0 (compatible; MSIE 5.0; Windows NT; DigExt; Hotbar 4.1.8.0)","browser":{"name":"IE","version":"5.0","major":"5"},"engine":{},"os":{"name":"Windows","version":"NT"},"device":{},"cpu":{}},{"ua":"Mozilla/4.0 (compatible; MSIE 5.0; Windows NT;)","browser":{"name":"IE","version":"5.0","major":"5"},"engine":{},"os":{"name":"Windows","version":"NT"},"device":{},"cpu":{}},{"ua":"Mozilla/4.0 (compatible; MSIE 5.01; Windows 95)","browser":{"name":"IE","version":"5.01","major":"5"},"engine":{},"os":{"name":"Windows","version":"95"},"device":{},"cpu":{}},{"ua":"Mozilla/4.0 (compatible; MSIE 5.01; Windows 98; (R1 1.3))","browser":{"name":"IE","version":"5.01","major":"5"},"engine":{},"os":{"name":"Windows","version":"98"},"device":{},"cpu":{}},{"ua":"Mozilla/4.0 (compatible; MSIE 5.01; Windows 98; Hotbar 4.1.5.0)","browser":{"name":"IE","version":"5.01","major":"5"},"engine":{},"os":{"name":"Windows","version":"98"},"device":{},"cpu":{}},{"ua":"Mozilla/4.0 (compatible; MSIE 5.01; Windows 98; Hotbar 4.2.8.0)","browser":{"name":"IE","version":"5.01","major":"5"},"engine":{},"os":{"name":"Windows","version":"98"},"device":{},"cpu":{}},{"ua":"Mozilla/4.0 (compatible; MSIE 5.01; Windows 98; Wanadoo 5.3)","browser":{"name":"IE","version":"5.01","major":"5"},"engine":{},"os":{"name":"Windows","version":"98"},"device":{},"cpu":{}},{"ua":"Mozilla/4.0 (compatible; MSIE 5.01; Windows 98; YComp 5.0.2.5)","browser":{"name":"IE","version":"5.01","major":"5"},"engine":{},"os":{"name":"Windows","version":"98"},"device":{},"cpu":{}},{"ua":"Mozilla/4.0 (compatible; MSIE 5.01; Windows NT 5.0; (R1 1.1))","browser":{"name":"IE","version":"5.01","major":"5"},"engine":{},"os":{"name":"Windows","version":"2000"},"device":{},"cpu":{}},{"ua":"Mozilla/4.0 (compatible; MSIE 5.01; Windows NT 5.0; .NET CLR 1.1.4322)","browser":{"name":"IE","version":"5.01","major":"5"},"engine":{},"os":{"name":"Windows","version":"2000"},"device":{},"cpu":{}},{"ua":"Mozilla/4.0 (compatible; MSIE 5.01; Windows NT 5.0; .NET CLR 2.0.50727; .NET CLR 3.0.04506.30; .NET CLR 3.0.04506.648; .NET CLR 1.1.4322)","browser":{"name":"IE","version":"5.01","major":"5"},"engine":{},"os":{"name":"Windows","version":"2000"},"device":{},"cpu":{}},{"ua":"Mozilla/4.0 (compatible; MSIE 5.01; Windows NT 5.0; DigExt; YComp 5.0.0.0)","browser":{"name":"IE","version":"5.01","major":"5"},"engine":{},"os":{"name":"Windows","version":"2000"},"device":{},"cpu":{}},{"ua":"Mozilla/4.0 (compatible; MSIE 5.01; Windows NT 5.0; Hotbar 2.0)","browser":{"name":"IE","version":"5.01","major":"5"},"engine":{},"os":{"name":"Windows","version":"2000"},"device":{},"cpu":{}},{"ua":"Mozilla/4.0 (compatible; MSIE 5.01; Windows NT 5.0; Hotbar 4.1.8.0)","browser":{"name":"IE","version":"5.01","major":"5"},"engine":{},"os":{"name":"Windows","version":"2000"},"device":{},"cpu":{}},{"ua":"Mozilla/4.0 (compatible; MSIE 5.01; Windows NT 5.0; Hotbar 4.2.8.0; (R1 1.3))","browser":{"name":"IE","version":"5.01","major":"5"},"engine":{},"os":{"name":"Windows","version":"2000"},"device":{},"cpu":{}},{"ua":"Mozilla/4.0 (compatible; MSIE 5.01; Windows NT 5.0; Hotbar 4.3.5.0)","browser":{"name":"IE","version":"5.01","major":"5"},"engine":{},"os":{"name":"Windows","version":"2000"},"device":{},"cpu":{}},{"ua":"Mozilla/4.0 (compatible; MSIE 5.01; Windows NT 5.0; SV1)","browser":{"name":"IE","version":"5.01","major":"5"},"engine":{},"os":{"name":"Windows","version":"2000"},"device":{},"cpu":{}},{"ua":"Mozilla/4.0 (compatible; MSIE 5.01; Windows NT 5.0; Wanadoo 5.6)","browser":{"name":"IE","version":"5.01","major":"5"},"engine":{},"os":{"name":"Windows","version":"2000"},"device":{},"cpu":{}},{"ua":"Mozilla/4.0 (compatible; MSIE 5.01; Windows NT 5.0; YComp 5.0.2.6)","browser":{"name":"IE","version":"5.01","major":"5"},"engine":{},"os":{"name":"Windows","version":"2000"},"device":{},"cpu":{}},{"ua":"Mozilla/4.0 (compatible; MSIE 5.01; Windows NT 5.0; iOpus-I-M)","browser":{"name":"IE","version":"5.01","major":"5"},"engine":{},"os":{"name":"Windows","version":"2000"},"device":{},"cpu":{}},{"ua":"Mozilla/4.0 (compatible; MSIE 5.01; Windows NT; DigExt)","browser":{"name":"IE","version":"5.01","major":"5"},"engine":{},"os":{"name":"Windows","version":"NT"},"device":{},"cpu":{}},{"ua":"Mozilla/4.0 (compatible; MSIE 5.5; AOL 4.0; Windows 98)","browser":{"name":"IE","version":"5.5","major":"5"},"engine":{},"os":{"name":"Windows","version":"98"},"device":{},"cpu":{}},{"ua":"Mozilla/4.0 (compatible; MSIE 5.5; AOL 5.0; Windows NT 5.0)","browser":{"name":"IE","version":"5.5","major":"5"},"engine":{},"os":{"name":"Windows","version":"2000"},"device":{},"cpu":{}},{"ua":"Mozilla/4.0 (compatible; MSIE 5.5; AOL 5.0; Windows 98; YComp 5.0.0.0)","browser":{"name":"IE","version":"5.5","major":"5"},"engine":{},"os":{"name":"Windows","version":"98"},"device":{},"cpu":{}},{"ua":"Mozilla/4.0 (compatible; MSIE 5.05; Windows NT 3.51)","browser":{"name":"IE","version":"5.05","major":"5"},"engine":{},"os":{"name":"Windows","version":"NT 3.51"},"device":{},"cpu":{}},{"ua":"Mozilla/4.0 (compatible; MSIE 5.5; AOL 7.0; Windows 98; Compaq; FunWebProducts)","browser":{"name":"IE","version":"5.5","major":"5"},"engine":{},"os":{"name":"Windows","version":"98"},"device":{},"cpu":{}},{"ua":"Mozilla/4.0 (compatible; MSIE 5.5; AOL 7.0; Windows 98; Win 9x 4.90; Hotbar 3.0)","browser":{"name":"IE","version":"5.5","major":"5"},"engine":{},"os":{"name":"Windows","version":"98"},"device":{},"cpu":{}},{"ua":"Mozilla/4.0 (compatible; MSIE 5.5; AOL 7.0; Windows 98; YComp 5.0.2.6)","browser":{"name":"IE","version":"5.5","major":"5"},"engine":{},"os":{"name":"Windows","version":"98"},"device":{},"cpu":{}},{"ua":"Mozilla/4.0 (compatible; MSIE 5.5; AOL 8.0; Windows 98; FunWebProducts)","browser":{"name":"IE","version":"5.5","major":"5"},"engine":{},"os":{"name":"Windows","version":"98"},"device":{},"cpu":{}},{"ua":"Mozilla/4.0 (compatible; MSIE 5.5; AOL 9.0; Windows 98; Win 9x 4.90)","browser":{"name":"IE","version":"5.5","major":"5"},"engine":{},"os":{"name":"Windows","version":"98"},"device":{},"cpu":{}},{"ua":"Mozilla/4.0 (compatible; MSIE 5.5; Windows 95)","browser":{"name":"IE","version":"5.5","major":"5"},"engine":{},"os":{"name":"Windows","version":"95"},"device":{},"cpu":{}},{"ua":"Mozilla/4.0 (compatible; MSIE 5.5; Windows 95; T312461; YComp 5.0.2.6)","browser":{"name":"IE","version":"5.5","major":"5"},"engine":{},"os":{"name":"Windows","version":"95"},"device":{},"cpu":{}},{"ua":"Mozilla/4.0 (compatible; MSIE 5.5; Windows 98)","browser":{"name":"IE","version":"5.5","major":"5"},"engine":{},"os":{"name":"Windows","version":"98"},"device":{},"cpu":{}},{"ua":"Mozilla/4.0 (compatible; MSIE 5.5; Windows 98; .NET CLR 1.0.3705; .NET CLR 1.1.4322)","browser":{"name":"IE","version":"5.5","major":"5"},"engine":{},"os":{"name":"Windows","version":"98"},"device":{},"cpu":{}},{"ua":"Mozilla/4.0 (compatible; MSIE 5.5; Windows 98; FunWebProducts)","browser":{"name":"IE","version":"5.5","major":"5"},"engine":{},"os":{"name":"Windows","version":"98"},"device":{},"cpu":{}},{"ua":"Mozilla/4.0 (compatible; MSIE 5.5; Windows 98; Hotbar 4.0; YComp 5.0.2.6)","browser":{"name":"IE","version":"5.5","major":"5"},"engine":{},"os":{"name":"Windows","version":"98"},"device":{},"cpu":{}},{"ua":"Mozilla/4.0 (compatible; MSIE 5.5; Windows 98; MSIECrawler)","browser":{"name":"IE","version":"5.5","major":"5"},"engine":{},"os":{"name":"Windows","version":"98"},"device":{},"cpu":{}},{"ua":"Mozilla/4.0 (compatible; MSIE 5.5; Windows 98; Wanadoo 5.1; Wanadoo 5.3; Wanadoo 5.5)","browser":{"name":"IE","version":"5.5","major":"5"},"engine":{},"os":{"name":"Windows","version":"98"},"device":{},"cpu":{}},{"ua":"Mozilla/4.0 (compatible; MSIE 5.5; Windows 98; Wanadoo 5.3)","browser":{"name":"IE","version":"5.5","major":"5"},"engine":{},"os":{"name":"Windows","version":"98"},"device":{},"cpu":{}},{"ua":"Mozilla/4.0 (compatible; MSIE 5.5; Windows 98; Wanadoo 5.5; Hotbar 4.2.8.0)","browser":{"name":"IE","version":"5.5","major":"5"},"engine":{},"os":{"name":"Windows","version":"98"},"device":{},"cpu":{}},{"ua":"Mozilla/4.0 (compatible; MSIE 5.5; Windows 98; Wanadoo 6.7)","browser":{"name":"IE","version":"5.5","major":"5"},"engine":{},"os":{"name":"Windows","version":"98"},"device":{},"cpu":{}},{"ua":"Mozilla/4.0 (compatible; MSIE 5.5; Windows 98; Win 9x 4.90; .NET CLR 1.0.3705)","browser":{"name":"IE","version":"5.5","major":"5"},"engine":{},"os":{"name":"Windows","version":"98"},"device":{},"cpu":{}},{"ua":"Mozilla/4.0 (compatible; MSIE 5.5; Windows 98; Win 9x 4.90; HbTools 4.7.1)","browser":{"name":"IE","version":"5.5","major":"5"},"engine":{},"os":{"name":"Windows","version":"98"},"device":{},"cpu":{}},{"ua":"Mozilla/4.0 (compatible; MSIE 5.5; Windows 98; Win 9x 4.90; Hotbar 4.1.8.0)","browser":{"name":"IE","version":"5.5","major":"5"},"engine":{},"os":{"name":"Windows","version":"98"},"device":{},"cpu":{}},{"ua":"Mozilla/4.0 (compatible; MSIE 5.5; Windows 98; Win 9x 4.90; MSIECrawler)","browser":{"name":"IE","version":"5.5","major":"5"},"engine":{},"os":{"name":"Windows","version":"98"},"device":{},"cpu":{}},{"ua":"Mozilla/4.0 (compatible; MSIE 5.5; Windows 98; Win 9x 4.90; Wanadoo 5.1; Wanadoo 6.1)","browser":{"name":"IE","version":"5.5","major":"5"},"engine":{},"os":{"name":"Windows","version":"98"},"device":{},"cpu":{}},{"ua":"Mozilla/4.0 (compatible; MSIE 5.5; Windows 98; Win 9x 4.90; Wanadoo 5.5)","browser":{"name":"IE","version":"5.5","major":"5"},"engine":{},"os":{"name":"Windows","version":"98"},"device":{},"cpu":{}},{"ua":"Mozilla/4.0 (compatible; MSIE 5.5; Windows 98; Win 9x 4.90; YComp 5.0.0.0)","browser":{"name":"IE","version":"5.5","major":"5"},"engine":{},"os":{"name":"Windows","version":"98"},"device":{},"cpu":{}},{"ua":"Mozilla/4.0 (compatible; MSIE 5.5; Windows 98; Win 9x 4.90; YComp 5.0.2.6)","browser":{"name":"IE","version":"5.5","major":"5"},"engine":{},"os":{"name":"Windows","version":"98"},"device":{},"cpu":{}},{"ua":"Mozilla/4.0 (compatible; MSIE 5.5; Windows 98; YComp 5.0.2.4)","browser":{"name":"IE","version":"5.5","major":"5"},"engine":{},"os":{"name":"Windows","version":"98"},"device":{},"cpu":{}},{"ua":"Mozilla/4.0 (compatible; MSIE 5.5; Windows NT5)","browser":{"name":"IE","version":"5.5","major":"5"},"engine":{},"os":{"name":"Windows","version":"NT5"},"device":{},"cpu":{}},{"ua":"Mozilla/4.0 (compatible; MSIE 5.5; Windows NT 4.0; .NET CLR 1.1.4322)","browser":{"name":"IE","version":"5.5","major":"5"},"engine":{},"os":{"name":"Windows","version":"NT 4.0"},"device":{},"cpu":{}},{"ua":"Mozilla/4.0 (compatible; MSIE 5.5; Windows NT 4.0; Hotbar 2.0)","browser":{"name":"IE","version":"5.5","major":"5"},"engine":{},"os":{"name":"Windows","version":"NT 4.0"},"device":{},"cpu":{}},{"ua":"Mozilla/4.0 (compatible; MSIE 5.5; Windows NT 4.0; MSIECrawler)","browser":{"name":"IE","version":"5.5","major":"5"},"engine":{},"os":{"name":"Windows","version":"NT 4.0"},"device":{},"cpu":{}},{"ua":"Mozilla/4.0 (compatible; MSIE 5.5; Windows NT 4.0; T312461; (R1 1.3))","browser":{"name":"IE","version":"5.5","major":"5"},"engine":{},"os":{"name":"Windows","version":"NT 4.0"},"device":{},"cpu":{}},{"ua":"Mozilla/4.0 (compatible; MSIE 5.5; Windows NT 4.0; YComp 5.0.0.0; .NET CLR 1.0.3705)","browser":{"name":"IE","version":"5.5","major":"5"},"engine":{},"os":{"name":"Windows","version":"NT 4.0"},"device":{},"cpu":{}},{"ua":"Mozilla/4.0 (compatible; MSIE 5.5; Windows NT 5.0)","browser":{"name":"IE","version":"5.5","major":"5"},"engine":{},"os":{"name":"Windows","version":"2000"},"device":{},"cpu":{}},{"ua":"Mozilla/4.0 (compatible; MSIE 5.5; Windows NT 5.0; .NET CLR 1.0.3705)","browser":{"name":"IE","version":"5.5","major":"5"},"engine":{},"os":{"name":"Windows","version":"2000"},"device":{},"cpu":{}},{"ua":"Mozilla/4.0 (compatible; MSIE 5.5; Windows NT 5.0; Hotbar 3.0)","browser":{"name":"IE","version":"5.5","major":"5"},"engine":{},"os":{"name":"Windows","version":"2000"},"device":{},"cpu":{}},{"ua":"Mozilla/4.0 (compatible; MSIE 5.5; Windows NT 5.0; Hotbar 4.2.14.0)","browser":{"name":"IE","version":"5.5","major":"5"},"engine":{},"os":{"name":"Windows","version":"2000"},"device":{},"cpu":{}},{"ua":"Mozilla/4.0 (compatible; MSIE 5.5; Windows NT 5.0; MSIECrawler)","browser":{"name":"IE","version":"5.5","major":"5"},"engine":{},"os":{"name":"Windows","version":"2000"},"device":{},"cpu":{}},{"ua":"Mozilla/4.0 (compatible; MSIE 5.5; Windows NT 5.0; T312461)","browser":{"name":"IE","version":"5.5","major":"5"},"engine":{},"os":{"name":"Windows","version":"2000"},"device":{},"cpu":{}},{"ua":"Mozilla/4.0 (compatible; MSIE 5.5; Windows NT 5.0; T312461; Hotbar 3.0)","browser":{"name":"IE","version":"5.5","major":"5"},"engine":{},"os":{"name":"Windows","version":"2000"},"device":{},"cpu":{}},{"ua":"Mozilla/4.0 (compatible; MSIE 5.5; Windows NT 5.0; T312461; YComp 5.0.2.6)","browser":{"name":"IE","version":"5.5","major":"5"},"engine":{},"os":{"name":"Windows","version":"2000"},"device":{},"cpu":{}},{"ua":"Mozilla/4.0 (compatible; MSIE 5.5; Windows NT 5.0; YComp 5.0.0.0; Hotbar 4.1.8.0)","browser":{"name":"IE","version":"5.5","major":"5"},"engine":{},"os":{"name":"Windows","version":"2000"},"device":{},"cpu":{}},{"ua":"Mozilla/4.0 (compatible; MSIE 5.5; Windows NT 5.0; YComp 5.0.2.6)","browser":{"name":"IE","version":"5.5","major":"5"},"engine":{},"os":{"name":"Windows","version":"2000"},"device":{},"cpu":{}},{"ua":"Mozilla/4.0 (compatible; MSIE 5.5; Windows NT 5.1; .NET CLR 2.0.50727)","browser":{"name":"IE","version":"5.5","major":"5"},"engine":{},"os":{"name":"Windows","version":"XP"},"device":{},"cpu":{}},{"ua":"Mozilla/4.0 (compatible; MSIE 5.5; Windows NT 5.1; Trident/4.0; .NET CLR 1.1.4322; .NET CLR 2.0.50727; .NET CLR 3.0.04506.30; .NET CLR 3.0.4506.2152; .NET CLR 3.5.30729)","browser":{"name":"IE","version":"5.5","major":"5"},"engine":{"name":"Trident","version":"4.0"},"os":{"name":"Windows","version":"XP"},"device":{},"cpu":{}},{"ua":"Mozilla/4.0 (compatible; MSIE 5.5; Windows NT 5.5)","browser":{"name":"IE","version":"5.5","major":"5"},"engine":{},"os":{"name":"Windows","version":"NT 5.5"},"device":{},"cpu":{}},{"ua":"Mozilla/4.0 (compatible; MSIE 5.5; Windows NT)","browser":{"name":"IE","version":"5.5","major":"5"},"engine":{},"os":{"name":"Windows","version":"NT"},"device":{},"cpu":{}},{"ua":"Mozilla/4.0 (compatible; MSIE 6.0; AOL 5.0; Windows 98; Creative)","browser":{"name":"IE","version":"6.0","major":"6"},"engine":{},"os":{"name":"Windows","version":"98"},"device":{},"cpu":{}},{"ua":"Mozilla/4.0 (compatible; MSIE 6.0; AOL 6.0; Windows 98; Win 9x 4.90)","browser":{"name":"IE","version":"6.0","major":"6"},"engine":{},"os":{"name":"Windows","version":"98"},"device":{},"cpu":{}},{"ua":"Mozilla/4.0 (compatible; MSIE 6.0; AOL 7.0; Windows 98)","browser":{"name":"IE","version":"6.0","major":"6"},"engine":{},"os":{"name":"Windows","version":"98"},"device":{},"cpu":{}},{"ua":"Mozilla/4.0 (compatible; MSIE 6.0; AOL 7.0; Windows 98; Win 9x 4.90)","browser":{"name":"IE","version":"6.0","major":"6"},"engine":{},"os":{"name":"Windows","version":"98"},"device":{},"cpu":{}},{"ua":"Mozilla/4.0 (compatible; MSIE 6.0; AOL 7.0; Windows NT 5.1)","browser":{"name":"IE","version":"6.0","major":"6"},"engine":{},"os":{"name":"Windows","version":"XP"},"device":{},"cpu":{}},{"ua":"Mozilla/4.0 (compatible; MSIE 6.0; AOL 7.0; Windows NT 5.1; FunWebProducts)","browser":{"name":"IE","version":"6.0","major":"6"},"engine":{},"os":{"name":"Windows","version":"XP"},"device":{},"cpu":{}},{"ua":"Mozilla/4.0 (compatible; MSIE 6.0; AOL 7.0; Windows NT 5.1; Q312461; YComp 5.0.0.0)","browser":{"name":"IE","version":"6.0","major":"6"},"engine":{},"os":{"name":"Windows","version":"XP"},"device":{},"cpu":{}},{"ua":"Mozilla/4.0 (compatible; MSIE 6.0; AOL 7.0; Windows NT 5.1; YComp 5.0.0.0)","browser":{"name":"IE","version":"6.0","major":"6"},"engine":{},"os":{"name":"Windows","version":"XP"},"device":{},"cpu":{}},{"ua":"Mozilla/4.0 (compatible; MSIE 6.0; AOL 8.0; Windows 98; .NET CLR 1.1.4322)","browser":{"name":"IE","version":"6.0","major":"6"},"engine":{},"os":{"name":"Windows","version":"98"},"device":{},"cpu":{}},{"ua":"Mozilla/4.0 (compatible; MSIE 6.0; AOL 8.0; Windows 98; YComp 5.0.2.5)","browser":{"name":"IE","version":"6.0","major":"6"},"engine":{},"os":{"name":"Windows","version":"98"},"device":{},"cpu":{}},{"ua":"Mozilla/4.0 (compatible; MSIE 6.0; AOL 8.0; Windows NT 5.1; (R1 1.3); .NET CLR 1.1.4322)","browser":{"name":"IE","version":"6.0","major":"6"},"engine":{},"os":{"name":"Windows","version":"XP"},"device":{},"cpu":{}},{"ua":"Mozilla/4.0 (compatible; MSIE 6.0; AOL 8.0; Windows NT 5.1; FunWebProducts)","browser":{"name":"IE","version":"6.0","major":"6"},"engine":{},"os":{"name":"Windows","version":"XP"},"device":{},"cpu":{}},{"ua":"Mozilla/4.0 (compatible; MSIE 6.0; AOL 8.0; Windows NT 5.1; FunWebProducts; SV1)","browser":{"name":"IE","version":"6.0","major":"6"},"engine":{},"os":{"name":"Windows","version":"XP"},"device":{},"cpu":{}},{"ua":"Mozilla/4.0 (compatible; MSIE 6.0; AOL 8.0; Windows NT 5.1; SV1; (R1 1.3); .NET CLR 1.1.4322)","browser":{"name":"IE","version":"6.0","major":"6"},"engine":{},"os":{"name":"Windows","version":"XP"},"device":{},"cpu":{}},{"ua":"Mozilla/4.0 (compatible; MSIE 6.0; AOL 8.0; Windows NT 5.1; SV1; .NET CLR 1.1.4322; .NET CLR 2.0.50727)","browser":{"name":"IE","version":"6.0","major":"6"},"engine":{},"os":{"name":"Windows","version":"XP"},"device":{},"cpu":{}},{"ua":"Mozilla/4.0 (compatible; MSIE 6.0; AOL 8.0; Windows NT 5.1; v8c.01)","browser":{"name":"IE","version":"6.0","major":"6"},"engine":{},"os":{"name":"Windows","version":"XP"},"device":{},"cpu":{}},{"ua":"Mozilla/4.0 (compatible; MSIE 6.0; AOL 9.0; Windows 98; .NET CLR 1.1.4322)","browser":{"name":"IE","version":"6.0","major":"6"},"engine":{},"os":{"name":"Windows","version":"98"},"device":{},"cpu":{}},{"ua":"Mozilla/4.0 (compatible; MSIE 6.0; AOL 9.0; Windows 98; FunWebProducts)","browser":{"name":"IE","version":"6.0","major":"6"},"engine":{},"os":{"name":"Windows","version":"98"},"device":{},"cpu":{}},{"ua":"Mozilla/4.0 (compatible; MSIE 6.0; AOL 9.0; Windows 98; Win 9x 4.90)","browser":{"name":"IE","version":"6.0","major":"6"},"engine":{},"os":{"name":"Windows","version":"98"},"device":{},"cpu":{}},{"ua":"Mozilla/4.0 (compatible; MSIE 6.0; AOL 9.0; Windows 98; {})","browser":{"name":"IE","version":"6.0","major":"6"},"engine":{},"os":{"name":"Windows","version":"98"},"device":{},"cpu":{}},{"ua":"Mozilla/4.0 (compatible; MSIE 6.0; AOL 9.0; Windows NT 5.0; DigExt)","browser":{"name":"IE","version":"6.0","major":"6"},"engine":{},"os":{"name":"Windows","version":"2000"},"device":{},"cpu":{}},{"ua":"Mozilla/4.0 (compatible; MSIE 6.0; AOL 9.0; Windows NT 5.0; T312461)","browser":{"name":"IE","version":"6.0","major":"6"},"engine":{},"os":{"name":"Windows","version":"2000"},"device":{},"cpu":{}},{"ua":"Mozilla/4.0 (compatible; MSIE 6.0; AOL 9.0; Windows NT 5.1; (R1 1.3))","browser":{"name":"IE","version":"6.0","major":"6"},"engine":{},"os":{"name":"Windows","version":"XP"},"device":{},"cpu":{}},{"ua":"Mozilla/4.0 (compatible; MSIE 6.0; AOL 9.0; Windows NT 5.1; (R1 1.5); .NET CLR 1.1.4322)","browser":{"name":"IE","version":"6.0","major":"6"},"engine":{},"os":{"name":"Windows","version":"XP"},"device":{},"cpu":{}},{"ua":"Mozilla/4.0 (compatible; MSIE 6.0; AOL 9.0; Windows NT 5.1; .NET CLR 1.1.4322)","browser":{"name":"IE","version":"6.0","major":"6"},"engine":{},"os":{"name":"Windows","version":"XP"},"device":{},"cpu":{}},{"ua":"Mozilla/4.0 (compatible; MSIE 6.0; AOL 9.0; Windows NT 5.1; Alexa Toolbar)","browser":{"name":"IE","version":"6.0","major":"6"},"engine":{},"os":{"name":"Windows","version":"XP"},"device":{},"cpu":{}},{"ua":"Mozilla/4.0 (compatible; MSIE 6.0; AOL 9.0; Windows NT 5.1; DigExt; .NET CLR 1.0.3705)","browser":{"name":"IE","version":"6.0","major":"6"},"engine":{},"os":{"name":"Windows","version":"XP"},"device":{},"cpu":{}},{"ua":"Mozilla/4.0 (compatible; MSIE 6.0; AOL 9.0; Windows NT 5.1; FunWebProducts)","browser":{"name":"IE","version":"6.0","major":"6"},"engine":{},"os":{"name":"Windows","version":"XP"},"device":{},"cpu":{}},{"ua":"Mozilla/4.0 (compatible; MSIE 6.0; AOL 9.0; Windows NT 5.1; FunWebProducts; .NET CLR 1.1.4322)","browser":{"name":"IE","version":"6.0","major":"6"},"engine":{},"os":{"name":"Windows","version":"XP"},"device":{},"cpu":{}},{"ua":"Mozilla/4.0 (compatible; MSIE 6.0; AOL 9.0; Windows NT 5.1; FunWebProducts; SV1)","browser":{"name":"IE","version":"6.0","major":"6"},"engine":{},"os":{"name":"Windows","version":"XP"},"device":{},"cpu":{}},{"ua":"Mozilla/4.0 (compatible; MSIE 6.0; AOL 9.0; Windows NT 5.1; FunWebProducts; SV1; .NET CLR 1.1.4322)","browser":{"name":"IE","version":"6.0","major":"6"},"engine":{},"os":{"name":"Windows","version":"XP"},"device":{},"cpu":{}},{"ua":"Mozilla/4.0 (compatible; MSIE 6.0; AOL 9.0; Windows NT 5.1; Q312461)","browser":{"name":"IE","version":"6.0","major":"6"},"engine":{},"os":{"name":"Windows","version":"XP"},"device":{},"cpu":{}},{"ua":"Mozilla/4.0 (compatible; MSIE 6.0; AOL 9.0; Windows NT 5.1; Q312461; SV1; .NET CLR 1.1.4322)","browser":{"name":"IE","version":"6.0","major":"6"},"engine":{},"os":{"name":"Windows","version":"XP"},"device":{},"cpu":{}},{"ua":"Mozilla/4.0 (compatible; MSIE 6.0; AOL 9.0; Windows NT 5.1; SV1; (R1 1.3))","browser":{"name":"IE","version":"6.0","major":"6"},"engine":{},"os":{"name":"Windows","version":"XP"},"device":{},"cpu":{}},{"ua":"Mozilla/4.0 (compatible; MSIE 6.0; AOL 9.0; Windows NT 5.1; SV1; (R1 1.5); .NET CLR 2.0.50215)","browser":{"name":"IE","version":"6.0","major":"6"},"engine":{},"os":{"name":"Windows","version":"XP"},"device":{},"cpu":{}},{"ua":"Mozilla/4.0 (compatible; MSIE 6.0; AOL 9.0; Windows NT 5.1; SV1; .NET CLR 1.0.3705; .NET CLR 1.1.4322; FDM)","browser":{"name":"IE","version":"6.0","major":"6"},"engine":{},"os":{"name":"Windows","version":"XP"},"device":{},"cpu":{}},{"ua":"Mozilla/4.0 (compatible; MSIE 6.0; AOL 9.0; Windows NT 5.1; SV1; .NET CLR 1.0.3705; .NET CLR 1.1.4322; Media Center PC 3.1)","browser":{"name":"IE","version":"6.0","major":"6"},"engine":{},"os":{"name":"Windows","version":"XP"},"device":{},"cpu":{}},{"ua":"Mozilla/4.0 (compatible; MSIE 6.0; AOL 9.0; Windows NT 5.1; SV1; .NET CLR 1.0.3705; Media Center PC 2.8; .NET CLR 1.1.4322)","browser":{"name":"IE","version":"6.0","major":"6"},"engine":{},"os":{"name":"Windows","version":"XP"},"device":{},"cpu":{}},{"ua":"Mozilla/4.0 (compatible; MSIE 6.0; AOL 9.0; Windows NT 5.1; SV1; .NET CLR 1.1.4322; .NET CLR 1.0.3705)","browser":{"name":"IE","version":"6.0","major":"6"},"engine":{},"os":{"name":"Windows","version":"XP"},"device":{},"cpu":{}},{"ua":"Mozilla/4.0 (compatible; MSIE 6.0; AOL 9.0; Windows NT 5.1; SV1; .NET CLR 1.1.4322; .NET CLR 2.0.50727; InfoPath.1)","browser":{"name":"IE","version":"6.0","major":"6"},"engine":{},"os":{"name":"Windows","version":"XP"},"device":{},"cpu":{}},{"ua":"Mozilla/4.0 (compatible; MSIE 6.0; AOL 9.0; Windows NT 5.1; SV1; .NET CLR 1.1.4322; HbTools 4.7.1)","browser":{"name":"IE","version":"6.0","major":"6"},"engine":{},"os":{"name":"Windows","version":"XP"},"device":{},"cpu":{}},{"ua":"Mozilla/4.0 (compatible; MSIE 6.0; AOL 9.0; Windows NT 5.1; SV1; .NET CLR 1.1.4322; InfoPath.2)","browser":{"name":"IE","version":"6.0","major":"6"},"engine":{},"os":{"name":"Windows","version":"XP"},"device":{},"cpu":{}},{"ua":"Mozilla/4.0 (compatible; MSIE 6.0; AOL 9.0; Windows NT 5.1; SV1; .NET CLR 1.1.4322; Seekmo 10.0.430.0)","browser":{"name":"IE","version":"6.0","major":"6"},"engine":{},"os":{"name":"Windows","version":"XP"},"device":{},"cpu":{}},{"ua":"Mozilla/4.0 (compatible; MSIE 6.0; AOL 9.0; Windows NT 5.1; SV1; .NET CLR 1.1.4322; SpamBlockerUtility 4.8.0)","browser":{"name":"IE","version":"6.0","major":"6"},"engine":{},"os":{"name":"Windows","version":"XP"},"device":{},"cpu":{}},{"ua":"Mozilla/4.0 (compatible; MSIE 6.0; AOL 9.0; Windows NT 5.1; SV1; .NET CLR 2.0.50727; .NET CLR 1.1.4322)","browser":{"name":"IE","version":"6.0","major":"6"},"engine":{},"os":{"name":"Windows","version":"XP"},"device":{},"cpu":{}},{"ua":"Mozilla/4.0 (compatible; MSIE 6.0; AOL 9.0; Windows NT 5.1; SV1; Circle0701; .NET CLR 1.1.4322)","browser":{"name":"IE","version":"6.0","major":"6"},"engine":{},"os":{"name":"Windows","version":"XP"},"device":{},"cpu":{}},{"ua":"Mozilla/4.0 (compatible; MSIE 6.0; AOL 9.0; Windows NT 5.1; SV1; FunWebProducts; .NET CLR 1.0.3705)","browser":{"name":"IE","version":"6.0","major":"6"},"engine":{},"os":{"name":"Windows","version":"XP"},"device":{},"cpu":{}},{"ua":"Mozilla/4.0 (compatible; MSIE 6.0; AOL 9.0; Windows NT 5.1; SV1; FunWebProducts; .NET CLR 1.0.3705; .NET CLR 1.1.4322; Media Center PC 4.0; .NET CLR 2.0.50727)","browser":{"name":"IE","version":"6.0","major":"6"},"engine":{},"os":{"name":"Windows","version":"XP"},"device":{},"cpu":{}},{"ua":"Mozilla/4.0 (compatible; MSIE 6.0; AOL 9.0; Windows NT 5.1; SV1; FunWebProducts; .NET CLR 1.1.4322; .NET CLR 2.0.50727; .NET CLR 3.0.04506.648; .NET CLR 3.5.21022)","browser":{"name":"IE","version":"6.0","major":"6"},"engine":{},"os":{"name":"Windows","version":"XP"},"device":{},"cpu":{}},{"ua":"Mozilla/4.0 (compatible; MSIE 6.0; AOL 9.0; Windows NT 5.1; SV1; FunWebProducts; .NET CLR 1.1.4322; HbTools 4.8.0)","browser":{"name":"IE","version":"6.0","major":"6"},"engine":{},"os":{"name":"Windows","version":"XP"},"device":{},"cpu":{}},{"ua":"Mozilla/4.0 (compatible; MSIE 6.0; AOL 9.0; Windows NT 5.1; SV1; FunWebProducts; .NET CLR 1.1.4322; SpamBlockerUtility 4.8.0)","browser":{"name":"IE","version":"6.0","major":"6"},"engine":{},"os":{"name":"Windows","version":"XP"},"device":{},"cpu":{}},{"ua":"Mozilla/4.0 (compatible; MSIE 6.0; AOL 9.0; Windows NT 5.1; SV1; FunWebProducts; PeoplePal 3.0)","browser":{"name":"IE","version":"6.0","major":"6"},"engine":{},"os":{"name":"Windows","version":"XP"},"device":{},"cpu":{}},{"ua":"Mozilla/4.0 (compatible; MSIE 6.0; AOL 9.0; Windows NT 5.1; SV1; InfoPath.1; .NET CLR 1.1.4322)","browser":{"name":"IE","version":"6.0","major":"6"},"engine":{},"os":{"name":"Windows","version":"XP"},"device":{},"cpu":{}},{"ua":"Mozilla/4.0 (compatible; MSIE 6.0; AOL 9.0; Windows NT 5.1; SV1; Tablet PC 1.7; .NET CLR 1.0.3705; .NET CLR 1.1.4322)","browser":{"name":"IE","version":"6.0","major":"6"},"engine":{},"os":{"name":"Windows","version":"XP"},"device":{},"cpu":{}},{"ua":"Mozilla/4.0 (compatible; MSIE 6.0; AOL 9.0; Windows NT 5.1; SV1; YPC 3.2.0; .NET CLR 1.1.4322)","browser":{"name":"IE","version":"6.0","major":"6"},"engine":{},"os":{"name":"Windows","version":"XP"},"device":{},"cpu":{}},{"ua":"Mozilla/4.0 (compatible; MSIE 6.0; AOL 9.0; Windows NT 5.1; SV1; i-NavFourF; .NET CLR 1.0.3705; .NET CLR 1.1.4322)","browser":{"name":"IE","version":"6.0","major":"6"},"engine":{},"os":{"name":"Windows","version":"XP"},"device":{},"cpu":{}},{"ua":"Mozilla/4.0 (compatible; MSIE 6.0; AOL 9.0; Windows NT 5.1; YComp 5.0.0.0; SV1; .NET CLR 1.0.3705)","browser":{"name":"IE","version":"6.0","major":"6"},"engine":{},"os":{"name":"Windows","version":"XP"},"device":{},"cpu":{}},{"ua":"Mozilla/4.0 (compatible; MSIE 6.0; AOL 9.0; Windows NT 5.1; iebar)","browser":{"name":"IE","version":"6.0","major":"6"},"engine":{},"os":{"name":"Windows","version":"XP"},"device":{},"cpu":{}},{"ua":"Mozilla/4.0 (compatible; MSIE 6.0; AOL 9.0; Windows NT 5.1; iebar; SV1; .NET CLR 1.0.3705)","browser":{"name":"IE","version":"6.0","major":"6"},"engine":{},"os":{"name":"Windows","version":"XP"},"device":{},"cpu":{}},{"ua":"Mozilla/4.0 (compatible; MSIE 6.0; AOL 9.0; Windows NT 5.1; {}; .NET CLR 1.0.3705)","browser":{"name":"IE","version":"6.0","major":"6"},"engine":{},"os":{"name":"Windows","version":"XP"},"device":{},"cpu":{}},{"ua":"Mozilla/4.0 (compatible; MSIE 6.0; AOL 9.0; Windows NT 5.1; {}; Alawar 2.08; .NET CLR 1.0.3705)","browser":{"name":"IE","version":"6.0","major":"6"},"engine":{},"os":{"name":"Windows","version":"XP"},"device":{},"cpu":{}},{"ua":"Mozilla/4.0 (compatible; MSIE 6.0; AOL 9.0; Windows NT 5.1; {}; SV1; iebar; .NET CLR 1.1.4322)","browser":{"name":"IE","version":"6.0","major":"6"},"engine":{},"os":{"name":"Windows","version":"XP"},"device":{},"cpu":{}},{"ua":"Mozilla/4.0 (compatible; MSIE 6.0; AOL 9.1; AOLBuild 4334.27; Windows NT 5.1; SV1); UnAuth-State","browser":{"name":"IE","version":"6.0","major":"6"},"engine":{},"os":{"name":"Windows","version":"XP"},"device":{},"cpu":{}},{"ua":"Mozilla/4.0 (compatible; MSIE 6.0; AOL 9.1; AOLBuild 4334.5000; Windows NT 5.1; SV1; .NET CLR 1.1.4322; .NET CLR 2.0.50727)","browser":{"name":"IE","version":"6.0","major":"6"},"engine":{},"os":{"name":"Windows","version":"XP"},"device":{},"cpu":{}},{"ua":"Mozilla/4.0 (compatible; MSIE 6.0; AOL 9.1; AOLBuild 4334.5006; Windows NT 5.1; SV1; .NET CLR 1.1.4322; .NET CLR 2.0.50727; .NET CLR 3.0.04506.30)","browser":{"name":"IE","version":"6.0","major":"6"},"engine":{},"os":{"name":"Windows","version":"XP"},"device":{},"cpu":{}},{"ua":"Mozilla/4.0 (compatible; MSIE 6.0; AOL 9.5; AOLBuild 4337.32; Windows NT 5.1; SV1; .NET CLR 1.0.3705; .NET CLR 1.1.4322)","browser":{"name":"IE","version":"6.0","major":"6"},"engine":{},"os":{"name":"Windows","version":"XP"},"device":{},"cpu":{}},{"ua":"Mozilla/4.0 (compatible; MSIE 6.0; AOL 9.5; AOLBuild 4337.36; Windows NT 5.1; SV1)","browser":{"name":"IE","version":"6.0","major":"6"},"engine":{},"os":{"name":"Windows","version":"XP"},"device":{},"cpu":{}},{"ua":"Mozilla/4.0 (compatible; MSIE 6.0; MSIE 5.5; Windows NT 5.1)","browser":{"name":"IE","version":"6.0","major":"6"},"engine":{},"os":{"name":"Windows","version":"XP"},"device":{},"cpu":{}},{"ua":"Mozilla/4.0 (compatible; MSIE 7.0; AOL 7.0; Windows NT 5.1)","browser":{"name":"IE","version":"7.0","major":"7"},"engine":{},"os":{"name":"Windows","version":"XP"},"device":{},"cpu":{}},{"ua":"Mozilla/4.0 (compatible; MSIE 7.0; AOL 8.0; Windows NT 5.1; .NET CLR 1.0.3705)","browser":{"name":"IE","version":"7.0","major":"7"},"engine":{},"os":{"name":"Windows","version":"XP"},"device":{},"cpu":{}},{"ua":"Mozilla/4.0 (compatible; MSIE 7.0; AOL 8.0; Windows NT 5.1; .NET CLR 2.0.50727)","browser":{"name":"IE","version":"7.0","major":"7"},"engine":{},"os":{"name":"Windows","version":"XP"},"device":{},"cpu":{}},{"ua":"Mozilla/4.0 (compatible; MSIE 7.0; AOL 9.0; Windows NT 5.1; (R1 1.5))","browser":{"name":"IE","version":"7.0","major":"7"},"engine":{},"os":{"name":"Windows","version":"XP"},"device":{},"cpu":{}},{"ua":"Mozilla/4.0 (compatible; MSIE 7.0; AOL 9.0; Windows NT 5.1; .NET CLR 1.0.3705)","browser":{"name":"IE","version":"7.0","major":"7"},"engine":{},"os":{"name":"Windows","version":"XP"},"device":{},"cpu":{}},{"ua":"Mozilla/4.0 (compatible; MSIE 7.0; AOL 9.0; Windows NT 5.1; .NET CLR 1.0.3705; .NET CLR 1.1.4322; .NET CLR 2.0.50727; Media Center PC 4.0)","browser":{"name":"IE","version":"7.0","major":"7"},"engine":{},"os":{"name":"Windows","version":"XP"},"device":{},"cpu":{}},{"ua":"Mozilla/4.0 (compatible; MSIE 7.0; AOL 9.0; Windows NT 5.1; .NET CLR 1.0.3705; .NET CLR 1.1.4322; Media Center PC 4.0)","browser":{"name":"IE","version":"7.0","major":"7"},"engine":{},"os":{"name":"Windows","version":"XP"},"device":{},"cpu":{}},{"ua":"Mozilla/4.0 (compatible; MSIE 7.0; AOL 9.0; Windows NT 5.1; .NET CLR 1.0.3705; .NET CLR 1.1.4322; Media Center PC 4.0; .NET CLR 2.0.50727; InfoPath.1)","browser":{"name":"IE","version":"7.0","major":"7"},"engine":{},"os":{"name":"Windows","version":"XP"},"device":{},"cpu":{}},{"ua":"Mozilla/4.0 (compatible; MSIE 7.0; AOL 9.0; Windows NT 5.1; .NET CLR 1.0.3705; .NET CLR 2.0.50727; .NET CLR 1.1.4322; Media Center PC 4.0)","browser":{"name":"IE","version":"7.0","major":"7"},"engine":{},"os":{"name":"Windows","version":"XP"},"device":{},"cpu":{}},{"ua":"Mozilla/4.0 (compatible; MSIE 7.0; AOL 9.0; Windows NT 5.1; .NET CLR 1.1.4322)","browser":{"name":"IE","version":"7.0","major":"7"},"engine":{},"os":{"name":"Windows","version":"XP"},"device":{},"cpu":{}},{"ua":"Mozilla/4.0 (compatible; MSIE 7.0; AOL 9.0; Windows NT 5.1; .NET CLR 1.1.4322; .NET CLR 2.0.50727; .NET CLR 3.0.04506.30; .NET CLR 3.0.04506.648)","browser":{"name":"IE","version":"7.0","major":"7"},"engine":{},"os":{"name":"Windows","version":"XP"},"device":{},"cpu":{}},{"ua":"Mozilla/4.0 (compatible; MSIE 7.0; AOL 9.0; Windows NT 5.1; .NET CLR 1.1.4322; .NET CLR 2.0.50727; InfoPath.1)","browser":{"name":"IE","version":"7.0","major":"7"},"engine":{},"os":{"name":"Windows","version":"XP"},"device":{},"cpu":{}},{"ua":"Mozilla/4.0 (compatible; MSIE 7.0; AOL 9.0; Windows NT 5.1; .NET CLR 1.1.4322; .NET CLR 2.0.50727; SpamBlockerUtility 4.8.4)","browser":{"name":"IE","version":"7.0","major":"7"},"engine":{},"os":{"name":"Windows","version":"XP"},"device":{},"cpu":{}},{"ua":"Mozilla/4.0 (compatible; MSIE 7.0; AOL 9.0; Windows NT 5.1; .NET CLR 1.1.4322; FDM; .NET CLR 2.0.50727)","browser":{"name":"IE","version":"7.0","major":"7"},"engine":{},"os":{"name":"Windows","version":"XP"},"device":{},"cpu":{}},{"ua":"Mozilla/4.0 (compatible; MSIE 7.0; AOL 9.0; Windows NT 5.1; .NET CLR 1.1.4322; InfoPath.1; .NET CLR 2.0.50727; .NET CLR 3.0.04506.30)","browser":{"name":"IE","version":"7.0","major":"7"},"engine":{},"os":{"name":"Windows","version":"XP"},"device":{},"cpu":{}},{"ua":"Mozilla/4.0 (compatible; MSIE 7.0; AOL 9.0; Windows NT 5.1; .NET CLR 1.1.4322; SpamBlockerUtility 4.8.0)","browser":{"name":"IE","version":"7.0","major":"7"},"engine":{},"os":{"name":"Windows","version":"XP"},"device":{},"cpu":{}},{"ua":"Mozilla/4.0 (compatible; MSIE 7.0; AOL 9.0; Windows NT 5.1; .NET CLR 1.1.4322; ZangoToolbar 4.8.2)","browser":{"name":"IE","version":"7.0","major":"7"},"engine":{},"os":{"name":"Windows","version":"XP"},"device":{},"cpu":{}},{"ua":"Mozilla/4.0 (compatible; MSIE 7.0; AOL 9.0; Windows NT 5.1; FunWebProducts)","browser":{"name":"IE","version":"7.0","major":"7"},"engine":{},"os":{"name":"Windows","version":"XP"},"device":{},"cpu":{}},{"ua":"Mozilla/4.0 (compatible; MSIE 7.0; AOL 9.0; Windows NT 5.1; FunWebProducts; .NET CLR 1.1.4322; IEMB3; IEMB3)","browser":{"name":"IE","version":"7.0","major":"7"},"engine":{},"os":{"name":"Windows","version":"XP"},"device":{},"cpu":{}},{"ua":"Mozilla/4.0 (compatible; MSIE 7.0; AOL 9.0; Windows NT 5.1; GTB5; .NET CLR 1.1.4322; .NET CLR 2.0.50727; OfficeLiveConnector.1.3; OfficeLivePatch.0.0)","browser":{"name":"IE","version":"7.0","major":"7"},"engine":{},"os":{"name":"Windows","version":"XP"},"device":{},"cpu":{}},{"ua":"Mozilla/4.0 (compatible; MSIE 7.0; AOL 9.0; Windows NT 5.1; MSNIA; QS 4.2.0.0; .NET CLR 1.1.4322; MSNIA; .NET CLR 2.0.50727)","browser":{"name":"IE","version":"7.0","major":"7"},"engine":{},"os":{"name":"Windows","version":"XP"},"device":{},"cpu":{}},{"ua":"Mozilla/4.0 (compatible; MSIE 7.0; AOL 9.0; Windows NT 5.1; Trident/4.0; .NET CLR 1.1.4322)","browser":{"name":"IE","version":"7.0","major":"7"},"engine":{"name":"Trident","version":"4.0"},"os":{"name":"Windows","version":"XP"},"device":{},"cpu":{}},{"ua":"Mozilla/4.0 (compatible; MSIE 7.0; AOL 9.0; Windows NT 6.0; FunWebProducts; GTB5; SLCC1; .NET CLR 2.0.50727; Media Center PC 5.0; .NET CLR 3.5.30729; .NET CLR 3.0.30618)","browser":{"name":"IE","version":"7.0","major":"7"},"engine":{},"os":{"name":"Windows","version":"Vista"},"device":{},"cpu":{}},{"ua":"Mozilla/4.0 (compatible; MSIE 7.0; AOL 9.0; Windows NT 6.0; FunWebProducts; SLCC1; .NET CLR 2.0.50727; Media Center PC 5.0; InfoPath.2; .NET CLR 3.5.30729; .NET CLR 3.0.30618)","browser":{"name":"IE","version":"7.0","major":"7"},"engine":{},"os":{"name":"Windows","version":"Vista"},"device":{},"cpu":{}},{"ua":"Mozilla/4.0 (compatible; MSIE 7.0; AOL 9.0; Windows NT 6.0; SLCC1; .NET CLR 2.0.50727; DEL 3.2.155.0; .NET CLR 3.5.30729; .NET CLR 3.0.30618)","browser":{"name":"IE","version":"7.0","major":"7"},"engine":{},"os":{"name":"Windows","version":"Vista"},"device":{},"cpu":{}},{"ua":"Mozilla/4.0 (compatible; MSIE 7.0; AOL 9.0; Windows NT 6.0; SLCC1; .NET CLR 2.0.50727; Media Center PC 5.0; .NET CLR 3.0.04506; InfoPath.2)","browser":{"name":"IE","version":"7.0","major":"7"},"engine":{},"os":{"name":"Windows","version":"Vista"},"device":{},"cpu":{}},{"ua":"Mozilla/4.0 (compatible; MSIE 7.0; AOL 9.0; Windows NT 6.0; Trident/4.0; FunWebProducts; GTB6.4; SLCC1; .NET CLR 2.0.50727; Media Center PC 5.0; .NET CLR 1.1.4322; .NET CLR 3.5.30729; OfficeLiveConnector.1.3; OfficeLivePatch.0.0; .NET CLR 3.0.30729)","browser":{"name":"IE","version":"7.0","major":"7"},"engine":{"name":"Trident","version":"4.0"},"os":{"name":"Windows","version":"Vista"},"device":{},"cpu":{}},{"ua":"Mozilla/4.0 (compatible; MSIE 7.0; AOL 9.1; AOLBuild 4327.65535; Windows NT 5.1; .NET CLR 1.0.3705; .NET CLR 1.1.4322; .NET CLR 2.0.50727); UnAuth-State","browser":{"name":"IE","version":"7.0","major":"7"},"engine":{},"os":{"name":"Windows","version":"XP"},"device":{},"cpu":{}},{"ua":"Mozilla/4.0 (compatible; MSIE 7.0; AOL 9.1; AOLBuild 4334.34; Windows NT 5.1)","browser":{"name":"IE","version":"7.0","major":"7"},"engine":{},"os":{"name":"Windows","version":"XP"},"device":{},"cpu":{}},{"ua":"Mozilla/4.0 (compatible; MSIE 7.0; AOL 9.1; AOLBuild 4334.34; Windows NT 5.1; .NET CLR 1.1.4322)","browser":{"name":"IE","version":"7.0","major":"7"},"engine":{},"os":{"name":"Windows","version":"XP"},"device":{},"cpu":{}},{"ua":"Mozilla/4.0 (compatible; MSIE 7.0; AOL 9.1; AOLBuild 4334.34; Windows NT 5.1; FunWebProducts; .NET CLR 1.0.3705; .NET CLR 1.1.4322; .NET CLR 2.0.50727; Media Center PC 4.0; SeekmoToolbar 4.8.4)","browser":{"name":"IE","version":"7.0","major":"7"},"engine":{},"os":{"name":"Windows","version":"XP"},"device":{},"cpu":{}},{"ua":"Mozilla/4.0 (compatible; MSIE 7.0; AOL 9.1; AOLBuild 4334.36; Windows NT 5.1; .NET CLR 1.1.4322; .NET CLR 2.0.50727)","browser":{"name":"IE","version":"7.0","major":"7"},"engine":{},"os":{"name":"Windows","version":"XP"},"device":{},"cpu":{}},{"ua":"Mozilla/4.0 (compatible; MSIE 7.0; AOL 9.1; AOLBuild 4334.5000; Windows NT 5.1; Trident/4.0)","browser":{"name":"IE","version":"7.0","major":"7"},"engine":{"name":"Trident","version":"4.0"},"os":{"name":"Windows","version":"XP"},"device":{},"cpu":{}},{"ua":"Mozilla/4.0 (compatible; MSIE 7.0; AOL 9.1; AOLBuild 4334.5006; Windows NT 5.1; Trident/4.0; .NET CLR 2.0.50727; .NET CLR 3.0.4506.2152; .NET CLR 3.5.30729)","browser":{"name":"IE","version":"7.0","major":"7"},"engine":{"name":"Trident","version":"4.0"},"os":{"name":"Windows","version":"XP"},"device":{},"cpu":{}},{"ua":"Mozilla/4.0 (compatible; MSIE 7.0; AOL 9.5; AOLBuild 4337.24; Windows NT 5.1; .NET CLR 1.1.4322; .NET CLR 2.0.50727)","browser":{"name":"IE","version":"7.0","major":"7"},"engine":{},"os":{"name":"Windows","version":"XP"},"device":{},"cpu":{}},{"ua":"Mozilla/4.0 (compatible; MSIE 7.0; AOL 9.5; AOLBuild 4337.29; Windows NT 5.1; .NET CLR 1.1.4322; .NET CLR 2.0.50727; .NET CLR 3.0.4506.2152; .NET CLR 3.5.30729; InfoPath.1)","browser":{"name":"IE","version":"7.0","major":"7"},"engine":{},"os":{"name":"Windows","version":"XP"},"device":{},"cpu":{}},{"ua":"Mozilla/4.0 (compatible; MSIE 7.0; AOL 9.5; AOLBuild 4337.29; Windows NT 5.1; FunWebProducts; GTB6.6; .NET CLR 2.0.50727; .NET CLR 3.0.4506.2152; .NET CLR 3.5.30729)","browser":{"name":"IE","version":"7.0","major":"7"},"engine":{},"os":{"name":"Windows","version":"XP"},"device":{},"cpu":{}},{"ua":"Mozilla/4.0 (compatible; MSIE 7.0; AOL 9.5; AOLBuild 4337.29; Windows NT 5.1; Trident/4.0; .NET CLR 1.1.4322; .NET CLR 2.0.50727; .NET CLR 3.0.4506.2152; .NET CLR 3.5.30729)","browser":{"name":"IE","version":"7.0","major":"7"},"engine":{"name":"Trident","version":"4.0"},"os":{"name":"Windows","version":"XP"},"device":{},"cpu":{}},{"ua":"Mozilla/4.0 (compatible; MSIE 7.0; AOL 9.5; AOLBuild 4337.29; Windows NT 6.0; Trident/4.0; SLCC1; .NET CLR 2.0.50727; Media Center PC 5.0; .NET CLR 3.5.30729; .NET CLR 3.0.30618)","browser":{"name":"IE","version":"7.0","major":"7"},"engine":{"name":"Trident","version":"4.0"},"os":{"name":"Windows","version":"Vista"},"device":{},"cpu":{}},{"ua":"Mozilla/4.0 (compatible; MSIE 7.0; AOL 9.5; AOLBuild 4337.32; Windows NT 5.1; .NET CLR 1.1.4322; .NET CLR 2.0.50727; .NET CLR 3.0.04506.30; .NET CLR 3.0.04506.648)","browser":{"name":"IE","version":"7.0","major":"7"},"engine":{},"os":{"name":"Windows","version":"XP"},"device":{},"cpu":{}},{"ua":"Mozilla/4.0 (compatible; MSIE 7.0; AOL 9.5; AOLBuild 4337.34; Windows NT 5.1; .NET CLR 1.1.4322; .NET CLR 2.0.50727)","browser":{"name":"IE","version":"7.0","major":"7"},"engine":{},"os":{"name":"Windows","version":"XP"},"device":{},"cpu":{}},{"ua":"Mozilla/4.0 (compatible; MSIE 7.0; AOL 9.5; AOLBuild 4337.34; Windows NT 6.0; SLCC1; .NET CLR 2.0.50727; Media Center PC 5.0; .NET CLR 3.0.04506)","browser":{"name":"IE","version":"7.0","major":"7"},"engine":{},"os":{"name":"Windows","version":"Vista"},"device":{},"cpu":{}},{"ua":"Mozilla/4.0 (compatible; MSIE 7.0; AOL 9.5; AOLBuild 4337.34; Windows NT 6.0; Trident/4.0; SLCC1; .NET CLR 2.0.50727; Media Center PC 5.0; .NET CLR 3.5.30729; .NET CLR 3.0.30729)","browser":{"name":"IE","version":"7.0","major":"7"},"engine":{"name":"Trident","version":"4.0"},"os":{"name":"Windows","version":"Vista"},"device":{},"cpu":{}},{"ua":"Mozilla/4.0 (compatible; MSIE 7.0; AOL 9.5; AOLBuild 4337.35; Windows NT 6.0; SLCC1; .NET CLR 2.0.50727; Media Center PC 5.0; .NET CLR 3.0.30618; .NET CLR 3.5.30729)","browser":{"name":"IE","version":"7.0","major":"7"},"engine":{},"os":{"name":"Windows","version":"Vista"},"device":{},"cpu":{}},{"ua":"Mozilla/4.0 (compatible; MSIE 7.0; AOL 9.5; AOLBuild 4337.36; Windows NT 6.0; SLCC1; .NET CLR 2.0.50727; Media Center PC 5.0; .NET CLR 3.5.30729; .NET CLR 3.0.30618)","browser":{"name":"IE","version":"7.0","major":"7"},"engine":{},"os":{"name":"Windows","version":"Vista"},"device":{},"cpu":{}},{"ua":"Mozilla/4.0 (compatible; MSIE 7.0; AOL 9.5; AOLBuild 4337.40; Windows NT 5.1; Trident/4.0; GTB6; .NET CLR 2.0.50727; .NET CLR 3.0.4506.2152; .NET CLR 3.5.30729; .NET CLR 1.1.4322)","browser":{"name":"IE","version":"7.0","major":"7"},"engine":{"name":"Trident","version":"4.0"},"os":{"name":"Windows","version":"XP"},"device":{},"cpu":{}},{"ua":"Mozilla/4.0 (compatible; MSIE 7.0; AOL 9.5; AOLBuild 4337.43; Windows NT 5.1; .NET CLR 1.0.3705; .NET CLR 1.1.4322; .NET CLR 2.0.50727)","browser":{"name":"IE","version":"7.0","major":"7"},"engine":{},"os":{"name":"Windows","version":"XP"},"device":{},"cpu":{}},{"ua":"Mozilla/4.0 (compatible; MSIE 7.0; AOL 9.5; AOLBuild 4337.80; Windows NT 6.1; WOW64; Trident/4.0; SLCC2; .NET CLR 2.0.50727; .NET CLR 3.5.30729; .NET CLR 3.0.30729; Media Center PC 6.0)","browser":{"name":"IE","version":"7.0","major":"7"},"engine":{"name":"Trident","version":"4.0"},"os":{"name":"Windows","version":"7"},"device":{},"cpu":{"architecture":"amd64"}},{"ua":"Mozilla/4.0 (compatible; MSIE 7.0; AOL 9.5; AOLBuild 4337.89; Windows NT 6.0; SLCC1; .NET CLR 2.0.50727; .NET CLR 3.0.04506)","browser":{"name":"IE","version":"7.0","major":"7"},"engine":{},"os":{"name":"Windows","version":"Vista"},"device":{},"cpu":{}},{"ua":"Mozilla/4.0 (compatible; MSIE 7.0; AOL 9.5; AOLBuild 4337.155; Windows NT 6.0; Trident/4.0; SLCC1; .NET CLR 2.0.50727; Media Center PC 5.0; .NET CLR 1.1.4322; .NET CLR 3.5.30729; .NET CLR 3.0.30618)","browser":{"name":"IE","version":"7.0","major":"7"},"engine":{"name":"Trident","version":"4.0"},"os":{"name":"Windows","version":"Vista"},"device":{},"cpu":{}},{"ua":"Mozilla/4.0 (compatible; MSIE 7.0; AOL 9.5; AOLBuild 4337.185; Windows NT 5.1; Trident/4.0; .NET CLR 1.0.3705; .NET CLR 1.1.4322; Media Center PC 4.0; .NET CLR 2.0.50727; .NET CLR 3.0.04506.30; .NET CLR 3.0.4506.2152; .NET CLR 3.5.30729)","browser":{"name":"IE","version":"7.0","major":"7"},"engine":{"name":"Trident","version":"4.0"},"os":{"name":"Windows","version":"XP"},"device":{},"cpu":{}},{"ua":"Mozilla/4.0 (compatible; MSIE 7.0; AOL 9.7; AOLBuild 4343.19; Windows NT 5.1; Trident/4.0; .NET CLR 2.0.50727; .NET CLR 3.0.04506.30; .NET CLR 3.0.04506.648; .NET CLR 3.0.4506.2152; .NET CLR 3.5.30729; .NET4.0C; .NET4.0E)","browser":{"name":"IE","version":"7.0","major":"7"},"engine":{"name":"Trident","version":"4.0"},"os":{"name":"Windows","version":"XP"},"device":{},"cpu":{}},{"ua":"Mozilla/4.0 (compatible; MSIE 8.0; AOL 9.1; AOLBuild 4334.5011; Windows NT 6.1; WOW64; Trident/4.0; GTB7.2; SLCC2; .NET CLR 2.0.50727; .NET CLR 3.5.30729; .NET CLR 3.0.30729; Media Center PC 6.0; .NET4.0C)","browser":{"name":"IE","version":"8.0","major":"8"},"engine":{"name":"Trident","version":"4.0"},"os":{"name":"Windows","version":"7"},"device":{},"cpu":{"architecture":"amd64"}},{"ua":"Mozilla/4.0 (compatible; MSIE 8.0; AOL 9.6; AOLBuild 4340.12; Windows NT 6.1; Trident/4.0; SLCC2; .NET CLR 2.0.50727; .NET CLR 3.5.30729; .NET CLR 3.0.30729; Media Center PC 6.0)","browser":{"name":"IE","version":"8.0","major":"8"},"engine":{"name":"Trident","version":"4.0"},"os":{"name":"Windows","version":"7"},"device":{},"cpu":{}},{"ua":"Mozilla/4.0 (compatible; MSIE 8.0; AOL 9.6; AOLBuild 4340.104; Windows NT 5.1; Trident/4.0; .NET CLR 2.0.50727; .NET CLR 3.5.30729)","browser":{"name":"IE","version":"8.0","major":"8"},"engine":{"name":"Trident","version":"4.0"},"os":{"name":"Windows","version":"XP"},"device":{},"cpu":{}},{"ua":"Mozilla/4.0 (compatible; MSIE 8.0; AOL 9.6; AOLBuild 4340.122; Windows NT 6.1; WOW64; Trident/4.0; SLCC2; .NET CLR 2.0.50727; .NET CLR 3.5.30729; .NET CLR 3.0.30729; Media Center PC 6.0; InfoPath.3; MS-RTC LM 8)","browser":{"name":"IE","version":"8.0","major":"8"},"engine":{"name":"Trident","version":"4.0"},"os":{"name":"Windows","version":"7"},"device":{},"cpu":{"architecture":"amd64"}},{"ua":"Mozilla/4.0 (compatible; MSIE 8.0; AOL 9.6; AOLBuild 4340.168; Windows NT 5.1; Trident/4.0; GTB7.1; .NET CLR 1.0.3705; .NET CLR 1.1.4322; .NET CLR 3.0.04506.30; .NET CLR 3.0.4506.2152; .NET CLR 3.5.30729; .NET CLR 2.0.50727)","browser":{"name":"IE","version":"8.0","major":"8"},"engine":{"name":"Trident","version":"4.0"},"os":{"name":"Windows","version":"XP"},"device":{},"cpu":{}},{"ua":"Mozilla/4.0 (compatible; MSIE 8.0; AOL 9.6; AOLBuild 4340.168; Windows NT 6.1; WOW64; Trident/4.0; SLCC2; .NET CLR 2.0.50727; .NET CLR 3.5.30729; .NET CLR 3.0.30729; Media Center PC 6.0; InfoPath.3; MS-RTC LM 8)","browser":{"name":"IE","version":"8.0","major":"8"},"engine":{"name":"Trident","version":"4.0"},"os":{"name":"Windows","version":"7"},"device":{},"cpu":{"architecture":"amd64"}},{"ua":"Mozilla/4.0 (compatible; MSIE 8.0; AOL 9.6; AOLBuild 4340.5000; Windows NT 5.1; Trident/4.0; .NET4.0C; .NET CLR 1.1.4322; .NET CLR 2.0.50727; .NET CLR 3.0.4506.2152; .NET CLR 3.5.30729)","browser":{"name":"IE","version":"8.0","major":"8"},"engine":{"name":"Trident","version":"4.0"},"os":{"name":"Windows","version":"XP"},"device":{},"cpu":{}},{"ua":"Mozilla/4.0 (compatible; MSIE 8.0; AOL 9.6; AOLBuild 4340.5000; Windows NT 5.1; Trident/4.0; FunWebProducts)","browser":{"name":"IE","version":"8.0","major":"8"},"engine":{"name":"Trident","version":"4.0"},"os":{"name":"Windows","version":"XP"},"device":{},"cpu":{}},{"ua":"Mozilla/4.0 (compatible; MSIE 8.0; AOL 9.6; AOLBuild 4340.5001; Windows NT 5.1; Trident/4.0)","browser":{"name":"IE","version":"8.0","major":"8"},"engine":{"name":"Trident","version":"4.0"},"os":{"name":"Windows","version":"XP"},"device":{},"cpu":{}},{"ua":"Mozilla/4.0 (compatible; MSIE 8.0; AOL 9.6; AOLBuild 4340.5004; Windows NT 5.1; Trident/4.0; .NET CLR 1.1.4322; .NET CLR 2.0.50727; .NET CLR 3.0.4506.2152; .NET CLR 3.5.30729)","browser":{"name":"IE","version":"8.0","major":"8"},"engine":{"name":"Trident","version":"4.0"},"os":{"name":"Windows","version":"XP"},"device":{},"cpu":{}},{"ua":"Mozilla/4.0 (compatible; MSIE 8.0; AOL 9.6; AOLBuild 4340.5004; Windows NT 5.1; Trident/4.0; FunWebProducts; FunWebProducts; .NET4.0E; .NET4.0C; .NET CLR 2.0.50727; .NET CLR 3.0.4506.2152; .NET CLR 3.5.30729)","browser":{"name":"IE","version":"8.0","major":"8"},"engine":{"name":"Trident","version":"4.0"},"os":{"name":"Windows","version":"XP"},"device":{},"cpu":{}},{"ua":"Mozilla/4.0 (compatible; MSIE 8.0; AOL 9.7; AOLBuild 4343.19; Windows NT 5.1; Trident/4.0; .NET CLR 2.0.50727; .NET CLR 3.0.04506.30; .NET CLR 3.0.04506.648; .NET CLR 3.0.4506.2152; .NET CLR 3.5.30729; .NET4.0C; .NET4.0E)","browser":{"name":"IE","version":"8.0","major":"8"},"engine":{"name":"Trident","version":"4.0"},"os":{"name":"Windows","version":"XP"},"device":{},"cpu":{}},{"ua":"Mozilla/4.0 (compatible; MSIE 8.0; AOL 9.7; AOLBuild 4343.19; Windows NT 5.1; Trident/4.0; GTB7.2; .NET CLR 1.1.4322; .NET CLR 2.0.50727; .NET CLR 3.0.4506.2152; .NET CLR 3.5.30729)","browser":{"name":"IE","version":"8.0","major":"8"},"engine":{"name":"Trident","version":"4.0"},"os":{"name":"Windows","version":"XP"},"device":{},"cpu":{}},{"ua":"Mozilla/4.0 (compatible; MSIE 8.0; AOL 9.7; AOLBuild 4343.21; Windows NT 5.1; Trident/4.0; .NET CLR 1.1.4322; .NET CLR 2.0.50727; .NET CLR 3.0.04506.30; .NET CLR 3.0.04506.648; .NET CLR 3.0.4506.2152; .NET CLR 3.5.30729; .NET4.0C; .NET4.0E)","browser":{"name":"IE","version":"8.0","major":"8"},"engine":{"name":"Trident","version":"4.0"},"os":{"name":"Windows","version":"XP"},"device":{},"cpu":{}},{"ua":"Mozilla/4.0 (compatible; MSIE 8.0; AOL 9.7; AOLBuild 4343.27; Windows NT 5.1; Trident/4.0; .NET CLR 2.0.50727; .NET CLR 3.0.4506.2152; .NET CLR 3.5.30729)","browser":{"name":"IE","version":"8.0","major":"8"},"engine":{"name":"Trident","version":"4.0"},"os":{"name":"Windows","version":"XP"},"device":{},"cpu":{}},{"ua":"Mozilla/4.0 (compatible;MSIE 5.5; Windows 98)","browser":{"name":"IE","version":"5.5","major":"5"},"engine":{},"os":{"name":"Windows","version":"98"},"device":{},"cpu":{}},{"ua":"Mozilla/4.0 PPC (compatible; MSIE 4.01; Windows CE; PPC; 240x320; Sprint:PPC-6700; PPC; 240x320)","browser":{"name":"IE","version":"4.01","major":"4"},"engine":{},"os":{"name":"Windows","version":"CE"},"device":{},"cpu":{"architecture":"arm"}},{"ua":"Mozilla/4.0(compatible; MSIE 5.0; Windows 98; DigExt)","browser":{"name":"IE","version":"5.0","major":"5"},"engine":{},"os":{"name":"Windows","version":"98"},"device":{},"cpu":{}},{"ua":"Mozilla/5.0 (compatible; MSIE 9.0; AOL 9.0; AOLBuild 4327.5201; Windows NT 6.0; Trident/5.0)","browser":{"name":"IE","version":"9.0","major":"9"},"engine":{"name":"Trident","version":"5.0"},"os":{"name":"Windows","version":"Vista"},"device":{},"cpu":{}},{"ua":"Mozilla/5.0 (compatible; MSIE 9.0; AOL 9.0; Windows NT 6.0; Trident/5.0)","browser":{"name":"IE","version":"9.0","major":"9"},"engine":{"name":"Trident","version":"5.0"},"os":{"name":"Windows","version":"Vista"},"device":{},"cpu":{}},{"ua":"Mozilla/5.0 (compatible; MSIE 9.0; AOL 9.1; AOLBuild 4334.5012; Windows NT 6.0; WOW64; Trident/5.0)","browser":{"name":"IE","version":"9.0","major":"9"},"engine":{"name":"Trident","version":"5.0"},"os":{"name":"Windows","version":"Vista"},"device":{},"cpu":{"architecture":"amd64"}},{"ua":"Mozilla/5.0 (compatible; MSIE 9.0; AOL 9.6; AOLBuild 4340.168; Windows NT 6.1; WOW64; Trident/5.0)","browser":{"name":"IE","version":"9.0","major":"9"},"engine":{"name":"Trident","version":"5.0"},"os":{"name":"Windows","version":"7"},"device":{},"cpu":{"architecture":"amd64"}},{"ua":"Mozilla/5.0 (compatible; MSIE 9.0; AOL 9.6; AOLBuild 4340.5004; Windows NT 6.1; WOW64; Trident/5.0)","browser":{"name":"IE","version":"9.0","major":"9"},"engine":{"name":"Trident","version":"5.0"},"os":{"name":"Windows","version":"7"},"device":{},"cpu":{"architecture":"amd64"}},{"ua":"Mozilla/5.0 (compatible; MSIE 9.0; AOL 9.7; AOLBuild 4343.19; Windows NT 6.1; WOW64; Trident/5.0)","browser":{"name":"IE","version":"9.0","major":"9"},"engine":{"name":"Trident","version":"5.0"},"os":{"name":"Windows","version":"7"},"device":{},"cpu":{"architecture":"amd64"}},{"ua":"Mozilla/5.0 (compatible; MSIE 9.0; AOL 9.7; AOLBuild 4343.19; Windows NT 6.1; WOW64; Trident/5.0; FunWebProducts)","browser":{"name":"IE","version":"9.0","major":"9"},"engine":{"name":"Trident","version":"5.0"},"os":{"name":"Windows","version":"7"},"device":{},"cpu":{"architecture":"amd64"}},{"ua":"Mozilla/5.0 (compatible; MSIE 9.0; AOL 9.7; AOLBuild 4343.27; Windows NT 6.1; WOW64; Trident/5.0)","browser":{"name":"IE","version":"9.0","major":"9"},"engine":{"name":"Trident","version":"5.0"},"os":{"name":"Windows","version":"7"},"device":{},"cpu":{"architecture":"amd64"}},{"ua":"Mozilla/5.0 (compatible; MSIE 9.0; AOL 9.7; AOLBuild 4343.30; Windows NT 5.1; WOW64; Trident/5.0)","browser":{"name":"IE","version":"9.0","major":"9"},"engine":{"name":"Trident","version":"5.0"},"os":{"name":"Windows","version":"XP"},"device":{},"cpu":{"architecture":"amd64"}},{"ua":"Mozilla/5.0 (compatible; MSIE 9.0; AOL 9.7; AOLBuild 4343.30; Windows NT 6.0; WOW64; Trident/5.0; BOIE9;ENUS)","browser":{"name":"IE","version":"9.0","major":"9"},"engine":{"name":"Trident","version":"5.0"},"os":{"name":"Windows","version":"Vista"},"device":{},"cpu":{"architecture":"amd64"}},{"ua":"Mozilla/5.0 (compatible; MSIE 9.0; AOL 9.7; AOLBuild 4343.30; Windows NT 6.1; WOW64; Trident/5.0)","browser":{"name":"IE","version":"9.0","major":"9"},"engine":{"name":"Trident","version":"5.0"},"os":{"name":"Windows","version":"7"},"device":{},"cpu":{"architecture":"amd64"}},{"ua":"Mozilla/5.0 (compatible; MSIE 9.0; AOL 9.7; AOLBuild 4343.30; Windows NT 6.1; WOW64; Trident/5.0; BOIE9;ENUS)","browser":{"name":"IE","version":"9.0","major":"9"},"engine":{"name":"Trident","version":"5.0"},"os":{"name":"Windows","version":"7"},"device":{},"cpu":{"architecture":"amd64"}},{"ua":"Mozilla/5.0 (compatible; MSIE 9.0; AOL 9.7; AOLBuild 4343.30; Windows NT 6.1; WOW64; Trident/6.0)","browser":{"name":"IE","version":"9.0","major":"9"},"engine":{"name":"Trident","version":"6.0"},"os":{"name":"Windows","version":"7"},"device":{},"cpu":{"architecture":"amd64"}},{"ua":"Mozilla/5.0 (compatible; MSIE 9.0; AOL 9.7; AOLBuild 4343.55; Windows NT 6.1; WOW64; Trident/5.0)","browser":{"name":"IE","version":"9.0","major":"9"},"engine":{"name":"Trident","version":"5.0"},"os":{"name":"Windows","version":"7"},"device":{},"cpu":{"architecture":"amd64"}},{"ua":"Mozilla/5.0 (compatible; MSIE 10.0; AOL 9.7; AOLBuild 4343.55; Windows NT 6.1; WOW64; Trident/6.0)","browser":{"name":"IE","version":"10.0","major":"10"},"engine":{"name":"Trident","version":"6.0"},"os":{"name":"Windows","version":"7"},"device":{},"cpu":{"architecture":"amd64"}},{"ua":"Mozilla/5.0 (compatible; MSIE 10.0; AOL 9.7; AOLBuild 4343.55; Windows NT 6.2; WOW64; Trident/6.0)","browser":{"name":"IE","version":"10.0","major":"10"},"engine":{"name":"Trident","version":"6.0"},"os":{"name":"Windows","version":"8"},"device":{},"cpu":{"architecture":"amd64"}},{"ua":"Mozilla/5.0 (compatible; MSIE 10.0; AOL 9.7; AOLBuild 4343.1028; Windows NT 6.1; WOW64; Trident/6.0)","browser":{"name":"IE","version":"10.0","major":"10"},"engine":{"name":"Trident","version":"6.0"},"os":{"name":"Windows","version":"7"},"device":{},"cpu":{"architecture":"amd64"}},{"ua":"Mozilla/5.0 (compatible; MSIE 10.0; AOL 9.7; AOLBuild 4343.1028; Windows NT 6.1; WOW64; Trident/7.0)","browser":{"name":"IE","version":"10.0","major":"10"},"engine":{"name":"Trident","version":"7.0"},"os":{"name":"Windows","version":"7"},"device":{},"cpu":{"architecture":"amd64"}},{"ua":"Mozilla/5.0 (compatible; MSIE 10.0; AOL 9.7; AOLBuild 4346.13; Windows NT 6.2; WOW64; Trident/7.0; LCJB)","browser":{"name":"IE","version":"10.0","major":"10"},"engine":{"name":"Trident","version":"7.0"},"os":{"name":"Windows","version":"8"},"device":{},"cpu":{"architecture":"amd64"}},{"ua":"Mozilla/5.0 (Windows NT 10.0; WOW64; Trident/7.0; rv:11.0) like Gecko","browser":{"name":"IE","version":"11.0","major":"11"},"engine":{"name":"Trident","version":"7.0"},"os":{"name":"Windows","version":"10"},"device":{},"cpu":{"architecture":"amd64"}},{"ua":"Mozilla/5.0 (Windows NT 10.0; WOW64; Trident/7.0; rv:11.0) like Gecko","browser":{"name":"IE","version":"11.0","major":"11"},"engine":{"name":"Trident","version":"7.0"},"os":{"name":"Windows","version":"10"},"device":{},"cpu":{"architecture":"amd64"}},{"ua":"Mozilla/5.0 (Windows NT 10.0; WOW64; Trident/7.0; Touch; rv:11.0) like Gecko","browser":{"name":"IE","version":"11.0","major":"11"},"engine":{"name":"Trident","version":"7.0"},"os":{"name":"Windows","version":"10"},"device":{},"cpu":{"architecture":"amd64"}},{"ua":"Mozilla/5.0 (MSIE 9.0; Windows NT 6.1; Trident/5.0)","browser":{"name":"IE","version":"9.0","major":"9"},"engine":{"name":"Trident","version":"5.0"},"os":{"name":"Windows","version":"7"},"device":{},"cpu":{}},{"ua":"Mozilla/5.0 (Windows NT 10.0; WOW64; Trident/7.0; rv:11.0) like Gecko","browser":{"name":"IE","version":"11.0","major":"11"},"engine":{"name":"Trident","version":"7.0"},"os":{"name":"Windows","version":"10"},"device":{},"cpu":{"architecture":"amd64"}},{"ua":"Mozilla/5.0 (Windows NT 6.1; WOW64; Trident/7.0; rv:11.0) like Gecko","browser":{"name":"IE","version":"11.0","major":"11"},"engine":{"name":"Trident","version":"7.0"},"os":{"name":"Windows","version":"7"},"device":{},"cpu":{"architecture":"amd64"}},{"ua":"Mozilla/5.0 (Windows NT 6.1; WOW64; Trident/7.0; rv:11.0) like Gecko","browser":{"name":"IE","version":"11.0","major":"11"},"engine":{"name":"Trident","version":"7.0"},"os":{"name":"Windows","version":"7"},"device":{},"cpu":{"architecture":"amd64"}},{"ua":"Mozilla/4.0 (compatible; MSIE 5.01; Windows NT 5.0; MSIECrawler)","browser":{"name":"IE","version":"5.01","major":"5"},"engine":{},"os":{"name":"Windows","version":"2000"},"device":{},"cpu":{}}]