[{"ua":"Mozilla/5.0 (Linux; U; Android 7.0; en-us; MI 5 Build/NRD90M) AppleWebKit/537.36 (KHTML, like Gecko) Version/4.0 Chrome/53.0.2785.146 Mobile Safari/537.36 XiaoMi/MiuiBrowser/9.0.3","browser":{"name":"MIUI Browser","version":"9.0.3","major":"9"},"engine":{"name":"Blink","version":"53.0.2785.146"},"os":{"name":"Android","version":"7.0"},"device":{"vendor":"Xiaomi","model":"MI 5","type":"mobile"},"cpu":{}},{"ua":"Mozilla/5.0 (Linux; U; Android 9; en-us; Redmi 6A Build/PPR1.180610.011) AppleWebKit/537.36 (KHTML, like Gecko) Version/4.0 Chrome/100.0.4896.127 Mobile Safari/537.36 XiaoMi/MiuiBrowser/17.6.890814 swan-mibrowser","browser":{"name":"MIUI Browser","version":"17.6.890814","major":"17"},"engine":{"name":"Blink","version":"100.0.4896.127"},"os":{"name":"Android","version":"9"},"device":{"vendor":"Xiaomi","model":"Redmi 6A","type":"mobile"},"cpu":{}},{"ua":"Mozilla/5.0 (Linux; U; Android 7.1.2; zh-cn; Redmi 5 Build/N2G47H) AppleWebKit/537.36 (KHTML, like Gecko) Version/4.0 Chrome/53.0.2785.146 Mobile Safari/537.36 XiaoMi/MiuiBrowser/9.4.12","browser":{"name":"MIUI Browser","version":"9.4.12","major":"9"},"engine":{"name":"Blink","version":"53.0.2785.146"},"os":{"name":"Android","version":"7.1.2"},"device":{"vendor":"Xiaomi","model":"Redmi 5","type":"mobile"},"cpu":{}}]