[{"ua":"Mozilla/5.0 (Linux; Android 7.0;) AppleWebKit/537.36 (KHTML, like Gecko) Mobile Safari/537.36 (compatible; AspiegelBot)","browser":{"name":"Mobile Safari"},"engine":{"name":"WebKit","version":"537.36"},"os":{"name":"Android","version":"7.0"},"device":{"type":"mobile"},"cpu":{}},{"ua":"Mozilla/5.0 (Linux; Android 7.0;) AppleWebKit/537.36 (KHTML, like Gecko) Mobile Safari/537.36 (compatible; AspiegelBot)","browser":{"name":"Mobile Safari"},"engine":{"name":"WebKit","version":"537.36"},"os":{"name":"Android","version":"7.0"},"device":{"type":"mobile"},"cpu":{}},{"ua":"Mozilla/5.0 (Linux; Android 7.0;) AppleWebKit/537.36 (KHTML, like Gecko) Mobile Safari/537.36 (compatible; AspiegelBot)","browser":{"name":"Mobile Safari"},"engine":{"name":"WebKit","version":"537.36"},"os":{"name":"Android","version":"7.0"},"device":{"type":"mobile"},"cpu":{}},{"ua":"Mozilla/5.0 (Linux; Android 7.0;) AppleWebKit/537.36 (KHTML, like Gecko) Mobile Safari/537.36 (compatible; AspiegelBot)","browser":{"name":"Mobile Safari"},"engine":{"name":"WebKit","version":"537.36"},"os":{"name":"Android","version":"7.0"},"device":{"type":"mobile"},"cpu":{}},{"ua":"Mozilla/5.0 (Linux; Android 7.0;) AppleWebKit/537.36 (KHTML, like Gecko) Mobile Safari/537.36 (compatible; AspiegelBot)","browser":{"name":"Mobile Safari"},"engine":{"name":"WebKit","version":"537.36"},"os":{"name":"Android","version":"7.0"},"device":{"type":"mobile"},"cpu":{}},{"ua":"Mozilla/5.0 (Linux; U; Android 4.4.2; zh-cn; Tesla; Android/4.4.2; Release/08.10.2015) AppleWebKit/534.30 (KHTML, like Gecko) Mobile Safari/534.30","browser":{"name":"Mobile Safari"},"engine":{"name":"WebKit","version":"534.30"},"os":{"name":"Android","version":"4.4.2"},"device":{"model":"Release/08.10.2015","type":"mobile"},"cpu":{}},{"ua":"Mozilla/5.0 (Linux; Android 5.0) AppleWebKit/537.36 (KHTML, like Gecko) Mobile Safari/537.36 (compatible; Bytespider; spider-feedback@bytedance.com)","browser":{"name":"Mobile Safari"},"engine":{"name":"WebKit","version":"537.36"},"os":{"name":"Android","version":"5.0"},"device":{"type":"mobile"},"cpu":{}},{"ua":"Mozilla/5.0 (Linux; Android 5.0) AppleWebKit/537.36 (KHTML, like Gecko) Mobile Safari/537.36 (compatible; Bytespider; spider-feedback@bytedance.com)","browser":{"name":"Mobile Safari"},"engine":{"name":"WebKit","version":"537.36"},"os":{"name":"Android","version":"5.0"},"device":{"type":"mobile"},"cpu":{}}]