[{"ua":"Opera/9.80 (X11; Linux x86_64; U; fr) Presto/2.9.168 Version/11.50","browser":{"name":"Opera","version":"11.50","major":"11"},"engine":{"name":"Presto","version":"2.9.168"},"os":{"name":"Linux","version":"x86_64"},"device":{},"cpu":{"architecture":"amd64"}},{"ua":"Opera/9.80 (X11; Linux i686; U; hu) Presto/2.9.168 Version/11.50","browser":{"name":"Opera","version":"11.50","major":"11"},"engine":{"name":"Presto","version":"2.9.168"},"os":{"name":"Linux","version":"i686"},"device":{},"cpu":{"architecture":"ia32"}},{"ua":"Opera/9.80 (X11; Linux i686; U; ru) Presto/2.8.131 Version/11.11","browser":{"name":"Opera","version":"11.11","major":"11"},"engine":{"name":"Presto","version":"2.8.131"},"os":{"name":"Linux","version":"i686"},"device":{},"cpu":{"architecture":"ia32"}},{"ua":"Opera/9.80 (X11; Linux i686; U; es-ES) Presto/2.8.131 Version/11.11","browser":{"name":"Opera","version":"11.11","major":"11"},"engine":{"name":"Presto","version":"2.8.131"},"os":{"name":"Linux","version":"i686"},"device":{},"cpu":{"architecture":"ia32"}},{"ua":"Opera/9.80 (X11; Linux x86_64; U; bg) Presto/2.8.131 Version/11.10","browser":{"name":"Opera","version":"11.10","major":"11"},"engine":{"name":"Presto","version":"2.8.131"},"os":{"name":"Linux","version":"x86_64"},"device":{},"cpu":{"architecture":"amd64"}},{"ua":"Opera/9.80 (X11; Linux i686; U; ja) Presto/2.7.62 Version/11.01","browser":{"name":"Opera","version":"11.01","major":"11"},"engine":{"name":"Presto","version":"2.7.62"},"os":{"name":"Linux","version":"i686"},"device":{},"cpu":{"architecture":"ia32"}},{"ua":"Opera/9.80 (X11; Linux i686; U; fr) Presto/2.7.62 Version/11.01","browser":{"name":"Opera","version":"11.01","major":"11"},"engine":{"name":"Presto","version":"2.7.62"},"os":{"name":"Linux","version":"i686"},"device":{},"cpu":{"architecture":"ia32"}},{"ua":"Opera/9.80 (X11; Linux x86_64; U; pl) Presto/2.7.62 Version/11.00","browser":{"name":"Opera","version":"11.00","major":"11"},"engine":{"name":"Presto","version":"2.7.62"},"os":{"name":"Linux","version":"x86_64"},"device":{},"cpu":{"architecture":"amd64"}},{"ua":"Opera/9.80 (X11; Linux i686; U; it) Presto/2.7.62 Version/11.00","browser":{"name":"Opera","version":"11.00","major":"11"},"engine":{"name":"Presto","version":"2.7.62"},"os":{"name":"Linux","version":"i686"},"device":{},"cpu":{"architecture":"ia32"}},{"ua":"Mozilla/4.0 (compatible; MSIE 8.0; X11; Linux x86_64; pl) Opera 11.00","browser":{"name":"Opera","version":"11.00","major":"11"},"engine":{},"os":{"name":"Linux","version":"x86_64"},"device":{},"cpu":{"architecture":"amd64"}},{"ua":"Mozilla/5.0 (X11; Linux x86_64; U; de; rv:1.9.1.6) Gecko/20091201 Firefox/3.5.6 Opera 10.62","browser":{"name":"Opera","version":"10.62","major":"10"},"engine":{"name":"Gecko","version":"1.9.1.6"},"os":{"name":"Linux","version":"x86_64"},"device":{},"cpu":{"architecture":"amd64"}},{"ua":"Mozilla/4.0 (compatible; MSIE 8.0; X11; Linux x86_64; de) Opera 10.62","browser":{"name":"Opera","version":"10.62","major":"10"},"engine":{},"os":{"name":"Linux","version":"x86_64"},"device":{},"cpu":{"architecture":"amd64"}},{"ua":"Opera/9.80 (X11; Linux i686; U; pl) Presto/2.6.30 Version/10.61","browser":{"name":"Opera","version":"10.61","major":"10"},"engine":{"name":"Presto","version":"2.6.30"},"os":{"name":"Linux","version":"i686"},"device":{},"cpu":{"architecture":"ia32"}},{"ua":"Opera/9.80 (X11; Linux i686; U; es-ES) Presto/2.6.30 Version/10.61","browser":{"name":"Opera","version":"10.61","major":"10"},"engine":{"name":"Presto","version":"2.6.30"},"os":{"name":"Linux","version":"i686"},"device":{},"cpu":{"architecture":"ia32"}},{"ua":"Opera/9.80 (X11; Linux i686; U; en) Presto/2.5.27 Version/10.60","browser":{"name":"Opera","version":"10.60","major":"10"},"engine":{"name":"Presto","version":"2.5.27"},"os":{"name":"Linux","version":"i686"},"device":{},"cpu":{"architecture":"ia32"}},{"ua":"Opera/9.80 (X11; Linux i686; U; it) Presto/2.5.24 Version/10.54","browser":{"name":"Opera","version":"10.54","major":"10"},"engine":{"name":"Presto","version":"2.5.24"},"os":{"name":"Linux","version":"i686"},"device":{},"cpu":{"architecture":"ia32"}},{"ua":"Opera/9.80 (X11; Linux i686; U; en-GB) Presto/2.5.24 Version/10.53","browser":{"name":"Opera","version":"10.53","major":"10"},"engine":{"name":"Presto","version":"2.5.24"},"os":{"name":"Linux","version":"i686"},"device":{},"cpu":{"architecture":"ia32"}},{"ua":"Opera/9.80 (Linux i686; U; en) Presto/2.5.22 Version/10.51","browser":{"name":"Opera","version":"10.51","major":"10"},"engine":{"name":"Presto","version":"2.5.22"},"os":{"name":"Linux","version":"i686"},"device":{},"cpu":{"architecture":"ia32"}},{"ua":"Mozilla/5.0 (Linux i686; U; en; rv:1.9.1.6) Gecko/20091201 Firefox/3.5.6 Opera 10.51","browser":{"name":"Opera","version":"10.51","major":"10"},"engine":{"name":"Gecko","version":"1.9.1.6"},"os":{"name":"Linux","version":"i686"},"device":{},"cpu":{"architecture":"ia32"}},{"ua":"Mozilla/4.0 (compatible; MSIE 8.0; Linux i686; en) Opera 10.51","browser":{"name":"Opera","version":"10.51","major":"10"},"engine":{},"os":{"name":"Linux","version":"i686"},"device":{},"cpu":{"architecture":"ia32"}},{"ua":"Opera/9.80 (X11; U; Linux i686; en-US; rv:1.9.2.3) Presto/2.2.15 Version/10.10","browser":{"name":"Opera","version":"10.10","major":"10"},"engine":{"name":"Presto","version":"2.2.15"},"os":{"name":"Linux","version":"i686"},"device":{},"cpu":{"architecture":"ia32"}},{"ua":"Opera/9.80 (X11; Linux x86_64; U; it) Presto/2.2.15 Version/10.10","browser":{"name":"Opera","version":"10.10","major":"10"},"engine":{"name":"Presto","version":"2.2.15"},"os":{"name":"Linux","version":"x86_64"},"device":{},"cpu":{"architecture":"amd64"}},{"ua":"Mozilla/4.0 (compatible; MSIE 6.0; X11; Linux i686; de) Opera 10.10","browser":{"name":"Opera","version":"10.10","major":"10"},"engine":{},"os":{"name":"Linux","version":"i686"},"device":{},"cpu":{"architecture":"ia32"}},{"ua":"Opera/9.80 (X11; Linux x86_64; U; en-GB) Presto/2.2.15 Version/10.01","browser":{"name":"Opera","version":"10.01","major":"10"},"engine":{"name":"Presto","version":"2.2.15"},"os":{"name":"Linux","version":"x86_64"},"device":{},"cpu":{"architecture":"amd64"}},{"ua":"Opera/9.80 (X11; Linux x86_64; U; en) Presto/2.2.15 Version/10.00","browser":{"name":"Opera","version":"10.00","major":"10"},"engine":{"name":"Presto","version":"2.2.15"},"os":{"name":"Linux","version":"x86_64"},"device":{},"cpu":{"architecture":"amd64"}},{"ua":"Opera/9.80 (X11; Linux x86_64; U; de) Presto/2.2.15 Version/10.00","browser":{"name":"Opera","version":"10.00","major":"10"},"engine":{"name":"Presto","version":"2.2.15"},"os":{"name":"Linux","version":"x86_64"},"device":{},"cpu":{"architecture":"amd64"}},{"ua":"Opera/9.80 (X11; Linux i686; U; ru) Presto/2.2.15 Version/10.00","browser":{"name":"Opera","version":"10.00","major":"10"},"engine":{"name":"Presto","version":"2.2.15"},"os":{"name":"Linux","version":"i686"},"device":{},"cpu":{"architecture":"ia32"}},{"ua":"Opera/9.80 (X11; Linux i686; U; pt-BR) Presto/2.2.15 Version/10.00","browser":{"name":"Opera","version":"10.00","major":"10"},"engine":{"name":"Presto","version":"2.2.15"},"os":{"name":"Linux","version":"i686"},"device":{},"cpu":{"architecture":"ia32"}},{"ua":"Opera/9.80 (X11; Linux i686; U; pl) Presto/2.2.15 Version/10.00","browser":{"name":"Opera","version":"10.00","major":"10"},"engine":{"name":"Presto","version":"2.2.15"},"os":{"name":"Linux","version":"i686"},"device":{},"cpu":{"architecture":"ia32"}},{"ua":"Opera/9.80 (X11; Linux i686; U; nb) Presto/2.2.15 Version/10.00","browser":{"name":"Opera","version":"10.00","major":"10"},"engine":{"name":"Presto","version":"2.2.15"},"os":{"name":"Linux","version":"i686"},"device":{},"cpu":{"architecture":"ia32"}},{"ua":"Opera/9.80 (X11; Linux i686; U; en-GB) Presto/2.2.15 Version/10.00","browser":{"name":"Opera","version":"10.00","major":"10"},"engine":{"name":"Presto","version":"2.2.15"},"os":{"name":"Linux","version":"i686"},"device":{},"cpu":{"architecture":"ia32"}},{"ua":"Opera/9.80 (X11; Linux i686; U; en) Presto/2.2.15 Version/10.00","browser":{"name":"Opera","version":"10.00","major":"10"},"engine":{"name":"Presto","version":"2.2.15"},"os":{"name":"Linux","version":"i686"},"device":{},"cpu":{"architecture":"ia32"}},{"ua":"Opera/9.80 (X11; Linux i686; U; de) Presto/2.2.15 Version/10.00","browser":{"name":"Opera","version":"10.00","major":"10"},"engine":{"name":"Presto","version":"2.2.15"},"os":{"name":"Linux","version":"i686"},"device":{},"cpu":{"architecture":"ia32"}},{"ua":"Opera/9.70 (Linux ppc64 ; U; en) Presto/2.2.1","browser":{"name":"Opera","version":"9.70","major":"9"},"engine":{"name":"Presto","version":"2.2.1"},"os":{"name":"Linux","version":"ppc64"},"device":{},"cpu":{}},{"ua":"Opera/9.70 (Linux i686 ; U; zh-cn) Presto/2.2.0","browser":{"name":"Opera","version":"9.70","major":"9"},"engine":{"name":"Presto","version":"2.2.0"},"os":{"name":"Linux","version":"i686"},"device":{},"cpu":{}},{"ua":"Opera/9.70 (Linux i686 ; U; en-us) Presto/2.2.0","browser":{"name":"Opera","version":"9.70","major":"9"},"engine":{"name":"Presto","version":"2.2.0"},"os":{"name":"Linux","version":"i686"},"device":{},"cpu":{}},{"ua":"Opera/9.70 (Linux i686 ; U; en) Presto/2.2.1","browser":{"name":"Opera","version":"9.70","major":"9"},"engine":{"name":"Presto","version":"2.2.1"},"os":{"name":"Linux","version":"i686"},"device":{},"cpu":{}},{"ua":"Opera/9.70 (Linux i686 ; U; en) Presto/2.2.0","browser":{"name":"Opera","version":"9.70","major":"9"},"engine":{"name":"Presto","version":"2.2.0"},"os":{"name":"Linux","version":"i686"},"device":{},"cpu":{}},{"ua":"Opera/9.70 (Linux i686 ; U; ; en) Presto/2.2.1","browser":{"name":"Opera","version":"9.70","major":"9"},"engine":{"name":"Presto","version":"2.2.1"},"os":{"name":"Linux","version":"i686"},"device":{},"cpu":{}},{"ua":"Opera/9.70 (Linux i686 ; U;  ; en) Presto/2.2.1","browser":{"name":"Opera","version":"9.70","major":"9"},"engine":{"name":"Presto","version":"2.2.1"},"os":{"name":"Linux","version":"i686"},"device":{},"cpu":{}},{"ua":"Mozilla/5.0 (Linux i686 ; U; en; rv:1.8.1) Gecko/20061208 Firefox/2.0.0 Opera 9.70","browser":{"name":"Opera","version":"9.70","major":"9"},"engine":{"name":"Gecko","version":"1.8.1"},"os":{"name":"Linux","version":"i686"},"device":{},"cpu":{}},{"ua":"Mozilla/4.0 (compatible; MSIE 6.0; Linux i686 ; en) Opera 9.70","browser":{"name":"Opera","version":"9.70","major":"9"},"engine":{},"os":{"name":"Linux","version":"i686"},"device":{},"cpu":{}},{"ua":"Opera/9.64 (X11; Linux x86_64; U; pl) Presto/2.1.1","browser":{"name":"Opera","version":"9.64","major":"9"},"engine":{"name":"Presto","version":"2.1.1"},"os":{"name":"Linux","version":"x86_64"},"device":{},"cpu":{"architecture":"amd64"}},{"ua":"Opera/9.64 (X11; Linux x86_64; U; hr) Presto/2.1.1","browser":{"name":"Opera","version":"9.64","major":"9"},"engine":{"name":"Presto","version":"2.1.1"},"os":{"name":"Linux","version":"x86_64"},"device":{},"cpu":{"architecture":"amd64"}},{"ua":"Opera/9.64 (X11; Linux x86_64; U; en-GB) Presto/2.1.1","browser":{"name":"Opera","version":"9.64","major":"9"},"engine":{"name":"Presto","version":"2.1.1"},"os":{"name":"Linux","version":"x86_64"},"device":{},"cpu":{"architecture":"amd64"}},{"ua":"Opera/9.64 (X11; Linux x86_64; U; en) Presto/2.1.1","browser":{"name":"Opera","version":"9.64","major":"9"},"engine":{"name":"Presto","version":"2.1.1"},"os":{"name":"Linux","version":"x86_64"},"device":{},"cpu":{"architecture":"amd64"}},{"ua":"Opera/9.64 (X11; Linux x86_64; U; de) Presto/2.1.1","browser":{"name":"Opera","version":"9.64","major":"9"},"engine":{"name":"Presto","version":"2.1.1"},"os":{"name":"Linux","version":"x86_64"},"device":{},"cpu":{"architecture":"amd64"}},{"ua":"Opera/9.64 (X11; Linux x86_64; U; cs) Presto/2.1.1","browser":{"name":"Opera","version":"9.64","major":"9"},"engine":{"name":"Presto","version":"2.1.1"},"os":{"name":"Linux","version":"x86_64"},"device":{},"cpu":{"architecture":"amd64"}},{"ua":"Opera/9.64 (X11; Linux i686; U; tr) Presto/2.1.1","browser":{"name":"Opera","version":"9.64","major":"9"},"engine":{"name":"Presto","version":"2.1.1"},"os":{"name":"Linux","version":"i686"},"device":{},"cpu":{"architecture":"ia32"}},{"ua":"Opera/9.64 (X11; Linux i686; U; sv) Presto/2.1.1","browser":{"name":"Opera","version":"9.64","major":"9"},"engine":{"name":"Presto","version":"2.1.1"},"os":{"name":"Linux","version":"i686"},"device":{},"cpu":{"architecture":"ia32"}},{"ua":"Opera/9.64 (X11; Linux i686; U; pl) Presto/2.1.1","browser":{"name":"Opera","version":"9.64","major":"9"},"engine":{"name":"Presto","version":"2.1.1"},"os":{"name":"Linux","version":"i686"},"device":{},"cpu":{"architecture":"ia32"}},{"ua":"Opera/9.64 (X11; Linux i686; U; nb) Presto/2.1.1","browser":{"name":"Opera","version":"9.64","major":"9"},"engine":{"name":"Presto","version":"2.1.1"},"os":{"name":"Linux","version":"i686"},"device":{},"cpu":{"architecture":"ia32"}},{"ua":"Opera/9.64 (X11; Linux i686; U; en) Presto/2.1.1","browser":{"name":"Opera","version":"9.64","major":"9"},"engine":{"name":"Presto","version":"2.1.1"},"os":{"name":"Linux","version":"i686"},"device":{},"cpu":{"architecture":"ia32"}},{"ua":"Opera/9.64 (X11; Linux i686; U; de) Presto/2.1.1","browser":{"name":"Opera","version":"9.64","major":"9"},"engine":{"name":"Presto","version":"2.1.1"},"os":{"name":"Linux","version":"i686"},"device":{},"cpu":{"architecture":"ia32"}},{"ua":"Opera/9.64 (X11; Linux i686; U; da) Presto/2.1.1","browser":{"name":"Opera","version":"9.64","major":"9"},"engine":{"name":"Presto","version":"2.1.1"},"os":{"name":"Linux","version":"i686"},"device":{},"cpu":{"architecture":"ia32"}},{"ua":"Opera/9.63 (X11; Linux x86_64; U; ru) Presto/2.1.1","browser":{"name":"Opera","version":"9.63","major":"9"},"engine":{"name":"Presto","version":"2.1.1"},"os":{"name":"Linux","version":"x86_64"},"device":{},"cpu":{"architecture":"amd64"}},{"ua":"Opera/9.63 (X11; Linux x86_64; U; cs) Presto/2.1.1","browser":{"name":"Opera","version":"9.63","major":"9"},"engine":{"name":"Presto","version":"2.1.1"},"os":{"name":"Linux","version":"x86_64"},"device":{},"cpu":{"architecture":"amd64"}},{"ua":"Opera/9.63 (X11; Linux i686; U; ru) Presto/2.1.1","browser":{"name":"Opera","version":"9.63","major":"9"},"engine":{"name":"Presto","version":"2.1.1"},"os":{"name":"Linux","version":"i686"},"device":{},"cpu":{"architecture":"ia32"}},{"ua":"Opera/9.63 (X11; Linux i686; U; ru)","browser":{"name":"Opera","version":"9.63","major":"9"},"engine":{},"os":{"name":"Linux","version":"i686"},"device":{},"cpu":{"architecture":"ia32"}},{"ua":"Opera/9.63 (X11; Linux i686; U; nb) Presto/2.1.1","browser":{"name":"Opera","version":"9.63","major":"9"},"engine":{"name":"Presto","version":"2.1.1"},"os":{"name":"Linux","version":"i686"},"device":{},"cpu":{"architecture":"ia32"}},{"ua":"Opera/9.63 (X11; Linux i686; U; en)","browser":{"name":"Opera","version":"9.63","major":"9"},"engine":{},"os":{"name":"Linux","version":"i686"},"device":{},"cpu":{"architecture":"ia32"}},{"ua":"Opera/9.63 (X11; Linux i686; U; de) Presto/2.1.1","browser":{"name":"Opera","version":"9.63","major":"9"},"engine":{"name":"Presto","version":"2.1.1"},"os":{"name":"Linux","version":"i686"},"device":{},"cpu":{"architecture":"ia32"}},{"ua":"Opera/9.63 (X11; Linux i686)","browser":{"name":"Opera","version":"9.63","major":"9"},"engine":{},"os":{"name":"Linux","version":"i686"},"device":{},"cpu":{"architecture":"ia32"}},{"ua":"Opera/9.62 (X11; Linux x86_64; U; ru) Presto/2.1.1","browser":{"name":"Opera","version":"9.62","major":"9"},"engine":{"name":"Presto","version":"2.1.1"},"os":{"name":"Linux","version":"x86_64"},"device":{},"cpu":{"architecture":"amd64"}},{"ua":"Opera/9.62 (X11; Linux x86_64; U; en_GB, en_US) Presto/2.1.1","browser":{"name":"Opera","version":"9.62","major":"9"},"engine":{"name":"Presto","version":"2.1.1"},"os":{"name":"Linux","version":"x86_64"},"device":{},"cpu":{"architecture":"amd64"}},{"ua":"Opera/9.62 (X11; Linux i686; U; pt-BR) Presto/2.1.1","browser":{"name":"Opera","version":"9.62","major":"9"},"engine":{"name":"Presto","version":"2.1.1"},"os":{"name":"Linux","version":"i686"},"device":{},"cpu":{"architecture":"ia32"}},{"ua":"Opera/9.62 (X11; Linux i686; U; it) Presto/2.1.1","browser":{"name":"Opera","version":"9.62","major":"9"},"engine":{"name":"Presto","version":"2.1.1"},"os":{"name":"Linux","version":"i686"},"device":{},"cpu":{"architecture":"ia32"}},{"ua":"Opera/9.62 (X11; Linux i686; U; fi) Presto/2.1.1","browser":{"name":"Opera","version":"9.62","major":"9"},"engine":{"name":"Presto","version":"2.1.1"},"os":{"name":"Linux","version":"i686"},"device":{},"cpu":{"architecture":"ia32"}},{"ua":"Opera/9.62 (X11; Linux i686; U; en) Presto/2.1.1","browser":{"name":"Opera","version":"9.62","major":"9"},"engine":{"name":"Presto","version":"2.1.1"},"os":{"name":"Linux","version":"i686"},"device":{},"cpu":{"architecture":"ia32"}},{"ua":"Opera/9.61 (X11; Linux x86_64; U; fr) Presto/2.1.1","browser":{"name":"Opera","version":"9.61","major":"9"},"engine":{"name":"Presto","version":"2.1.1"},"os":{"name":"Linux","version":"x86_64"},"device":{},"cpu":{"architecture":"amd64"}},{"ua":"Opera/9.61 (X11; Linux i686; U; ru) Presto/2.1.1","browser":{"name":"Opera","version":"9.61","major":"9"},"engine":{"name":"Presto","version":"2.1.1"},"os":{"name":"Linux","version":"i686"},"device":{},"cpu":{"architecture":"ia32"}},{"ua":"Opera/9.61 (X11; Linux i686; U; pl) Presto/2.1.1","browser":{"name":"Opera","version":"9.61","major":"9"},"engine":{"name":"Presto","version":"2.1.1"},"os":{"name":"Linux","version":"i686"},"device":{},"cpu":{"architecture":"ia32"}},{"ua":"Opera/9.61 (X11; Linux i686; U; en) Presto/2.1.1","browser":{"name":"Opera","version":"9.61","major":"9"},"engine":{"name":"Presto","version":"2.1.1"},"os":{"name":"Linux","version":"i686"},"device":{},"cpu":{"architecture":"ia32"}},{"ua":"Opera/9.61 (X11; Linux i686; U; de) Presto/2.1.1","browser":{"name":"Opera","version":"9.61","major":"9"},"engine":{"name":"Presto","version":"2.1.1"},"os":{"name":"Linux","version":"i686"},"device":{},"cpu":{"architecture":"ia32"}},{"ua":"Opera/9.60 (X11; Linux x86_64; U)","browser":{"name":"Opera","version":"9.60","major":"9"},"engine":{},"os":{"name":"Linux","version":"x86_64"},"device":{},"cpu":{"architecture":"amd64"}},{"ua":"Opera/9.60 (X11; Linux i686; U; ru) Presto/2.1.1","browser":{"name":"Opera","version":"9.60","major":"9"},"engine":{"name":"Presto","version":"2.1.1"},"os":{"name":"Linux","version":"i686"},"device":{},"cpu":{"architecture":"ia32"}},{"ua":"Opera/9.60 (X11; Linux i686; U; en-GB) Presto/2.1.1","browser":{"name":"Opera","version":"9.60","major":"9"},"engine":{"name":"Presto","version":"2.1.1"},"os":{"name":"Linux","version":"i686"},"device":{},"cpu":{"architecture":"ia32"}},{"ua":"Mozilla/5.0 (X11; Linux x86_64; U; en; rv:1.8.1) Gecko/20061208 Firefox/2.0.0 Opera 9.60","browser":{"name":"Opera","version":"9.60","major":"9"},"engine":{"name":"Gecko","version":"1.8.1"},"os":{"name":"Linux","version":"x86_64"},"device":{},"cpu":{"architecture":"amd64"}},{"ua":"Mozilla/4.0 (compatible; MSIE 6.0; X11; Linux x86_64; en) Opera 9.60","browser":{"name":"Opera","version":"9.60","major":"9"},"engine":{},"os":{"name":"Linux","version":"x86_64"},"device":{},"cpu":{"architecture":"amd64"}},{"ua":"Opera/9.52 (X11; Linux x86_64; U; ru)","browser":{"name":"Opera","version":"9.52","major":"9"},"engine":{},"os":{"name":"Linux","version":"x86_64"},"device":{},"cpu":{"architecture":"amd64"}},{"ua":"Opera/9.52 (X11; Linux x86_64; U; en)","browser":{"name":"Opera","version":"9.52","major":"9"},"engine":{},"os":{"name":"Linux","version":"x86_64"},"device":{},"cpu":{"architecture":"amd64"}},{"ua":"Opera/9.52 (X11; Linux x86_64; U)","browser":{"name":"Opera","version":"9.52","major":"9"},"engine":{},"os":{"name":"Linux","version":"x86_64"},"device":{},"cpu":{"architecture":"amd64"}},{"ua":"Opera/9.52 (X11; Linux ppc; U; de)","browser":{"name":"Opera","version":"9.52","major":"9"},"engine":{},"os":{"name":"Linux","version":"ppc"},"device":{},"cpu":{"architecture":"ppc"}},{"ua":"Opera/9.52 (X11; Linux i686; U; fr)","browser":{"name":"Opera","version":"9.52","major":"9"},"engine":{},"os":{"name":"Linux","version":"i686"},"device":{},"cpu":{"architecture":"ia32"}},{"ua":"Opera/9.52 (X11; Linux i686; U; en)","browser":{"name":"Opera","version":"9.52","major":"9"},"engine":{},"os":{"name":"Linux","version":"i686"},"device":{},"cpu":{"architecture":"ia32"}},{"ua":"Opera/9.52 (X11; Linux i686; U; cs)","browser":{"name":"Opera","version":"9.52","major":"9"},"engine":{},"os":{"name":"Linux","version":"i686"},"device":{},"cpu":{"architecture":"ia32"}},{"ua":"Opera/9.51 (X11; Linux i686; U; fr)","browser":{"name":"Opera","version":"9.51","major":"9"},"engine":{},"os":{"name":"Linux","version":"i686"},"device":{},"cpu":{"architecture":"ia32"}},{"ua":"Opera/9.51 (X11; Linux i686; U; de)","browser":{"name":"Opera","version":"9.51","major":"9"},"engine":{},"os":{"name":"Linux","version":"i686"},"device":{},"cpu":{"architecture":"ia32"}},{"ua":"Mozilla/5.0 (X11; Linux i686; U; en; rv:1.8.1) Gecko/20061208 Firefox/2.0.0 Opera 9.51","browser":{"name":"Opera","version":"9.51","major":"9"},"engine":{"name":"Gecko","version":"1.8.1"},"os":{"name":"Linux","version":"i686"},"device":{},"cpu":{"architecture":"ia32"}},{"ua":"Opera/9.50 (X11; Linux x86_64; U; pl)","browser":{"name":"Opera","version":"9.50","major":"9"},"engine":{},"os":{"name":"Linux","version":"x86_64"},"device":{},"cpu":{"architecture":"amd64"}},{"ua":"Opera/9.50 (X11; Linux x86_64; U; nb)","browser":{"name":"Opera","version":"9.50","major":"9"},"engine":{},"os":{"name":"Linux","version":"x86_64"},"device":{},"cpu":{"architecture":"amd64"}},{"ua":"Opera/9.50 (X11; Linux ppc; U; en)","browser":{"name":"Opera","version":"9.50","major":"9"},"engine":{},"os":{"name":"Linux","version":"ppc"},"device":{},"cpu":{"architecture":"ppc"}},{"ua":"Opera/9.50 (X11; Linux i686; U; es-ES)","browser":{"name":"Opera","version":"9.50","major":"9"},"engine":{},"os":{"name":"Linux","version":"i686"},"device":{},"cpu":{"architecture":"ia32"}},{"ua":"Mozilla/4.0 (compatible; MSIE 6.0; X11; Linux x86_64; en) Opera 9.50","browser":{"name":"Opera","version":"9.50","major":"9"},"engine":{},"os":{"name":"Linux","version":"x86_64"},"device":{},"cpu":{"architecture":"amd64"}},{"ua":"Opera/9.27 (X11; Linux i686; U; fr)","browser":{"name":"Opera","version":"9.27","major":"9"},"engine":{},"os":{"name":"Linux","version":"i686"},"device":{},"cpu":{"architecture":"ia32"}},{"ua":"Opera/9.27 (X11; Linux i686; U; en)","browser":{"name":"Opera","version":"9.27","major":"9"},"engine":{},"os":{"name":"Linux","version":"i686"},"device":{},"cpu":{"architecture":"ia32"}},{"ua":"Mozilla/4.0 (compatible; MSIE 6.0; X11; Linux i686; en) Opera 9.27","browser":{"name":"Opera","version":"9.27","major":"9"},"engine":{},"os":{"name":"Linux","version":"i686"},"device":{},"cpu":{"architecture":"ia32"}},{"ua":"Opera/9.25 (X11; Linux i686; U; fr-ca)","browser":{"name":"Opera","version":"9.25","major":"9"},"engine":{},"os":{"name":"Linux","version":"i686"},"device":{},"cpu":{"architecture":"ia32"}},{"ua":"Opera/9.25 (X11; Linux i686; U; fr)","browser":{"name":"Opera","version":"9.25","major":"9"},"engine":{},"os":{"name":"Linux","version":"i686"},"device":{},"cpu":{"architecture":"ia32"}},{"ua":"Opera/9.25 (X11; Linux i686; U; en)","browser":{"name":"Opera","version":"9.25","major":"9"},"engine":{},"os":{"name":"Linux","version":"i686"},"device":{},"cpu":{"architecture":"ia32"}},{"ua":"Opera/9.24 (X11; Linux i686; U; de)","browser":{"name":"Opera","version":"9.24","major":"9"},"engine":{},"os":{"name":"Linux","version":"i686"},"device":{},"cpu":{"architecture":"ia32"}},{"ua":"Opera/9.23 (X11; Linux x86_64; U; en)","browser":{"name":"Opera","version":"9.23","major":"9"},"engine":{},"os":{"name":"Linux","version":"x86_64"},"device":{},"cpu":{"architecture":"amd64"}},{"ua":"Opera/9.23 (X11; Linux i686; U; es-es)","browser":{"name":"Opera","version":"9.23","major":"9"},"engine":{},"os":{"name":"Linux","version":"i686"},"device":{},"cpu":{"architecture":"ia32"}},{"ua":"Opera/9.23 (X11; Linux i686; U; en)","browser":{"name":"Opera","version":"9.23","major":"9"},"engine":{},"os":{"name":"Linux","version":"i686"},"device":{},"cpu":{"architecture":"ia32"}},{"ua":"Mozilla/5.0 (X11; Linux i686; U; en; rv:1.8.0) Gecko/20060728 Firefox/1.5.0 Opera 9.23","browser":{"name":"Opera","version":"9.23","major":"9"},"engine":{"name":"Gecko","version":"1.8.0"},"os":{"name":"Linux","version":"i686"},"device":{},"cpu":{"architecture":"ia32"}},{"ua":"Opera/9.22 (X11; Linux i686; U; en)","browser":{"name":"Opera","version":"9.22","major":"9"},"engine":{},"os":{"name":"Linux","version":"i686"},"device":{},"cpu":{"architecture":"ia32"}},{"ua":"Opera/9.22 (X11; Linux i686; U; de)","browser":{"name":"Opera","version":"9.22","major":"9"},"engine":{},"os":{"name":"Linux","version":"i686"},"device":{},"cpu":{"architecture":"ia32"}},{"ua":"Mozilla/4.0 (compatible; MSIE 6.0; X11; Linux i686; en) Opera 9.22","browser":{"name":"Opera","version":"9.22","major":"9"},"engine":{},"os":{"name":"Linux","version":"i686"},"device":{},"cpu":{"architecture":"ia32"}},{"ua":"Opera/9.21 (X11; Linux x86_64; U; en)","browser":{"name":"Opera","version":"9.21","major":"9"},"engine":{},"os":{"name":"Linux","version":"x86_64"},"device":{},"cpu":{"architecture":"amd64"}},{"ua":"Opera/9.21 (X11; Linux i686; U; es-es)","browser":{"name":"Opera","version":"9.21","major":"9"},"engine":{},"os":{"name":"Linux","version":"i686"},"device":{},"cpu":{"architecture":"ia32"}},{"ua":"Opera/9.21 (X11; Linux i686; U; en)","browser":{"name":"Opera","version":"9.21","major":"9"},"engine":{},"os":{"name":"Linux","version":"i686"},"device":{},"cpu":{"architecture":"ia32"}},{"ua":"Opera/9.21 (X11; Linux i686; U; de)","browser":{"name":"Opera","version":"9.21","major":"9"},"engine":{},"os":{"name":"Linux","version":"i686"},"device":{},"cpu":{"architecture":"ia32"}},{"ua":"Opera/9.20 (X11; Linux x86_64; U; en)","browser":{"name":"Opera","version":"9.20","major":"9"},"engine":{},"os":{"name":"Linux","version":"x86_64"},"device":{},"cpu":{"architecture":"amd64"}},{"ua":"Opera/9.20 (X11; Linux ppc; U; en)","browser":{"name":"Opera","version":"9.20","major":"9"},"engine":{},"os":{"name":"Linux","version":"ppc"},"device":{},"cpu":{"architecture":"ppc"}},{"ua":"Opera/9.20 (X11; Linux i686; U; tr)","browser":{"name":"Opera","version":"9.20","major":"9"},"engine":{},"os":{"name":"Linux","version":"i686"},"device":{},"cpu":{"architecture":"ia32"}},{"ua":"Opera/9.20 (X11; Linux i686; U; ru)","browser":{"name":"Opera","version":"9.20","major":"9"},"engine":{},"os":{"name":"Linux","version":"i686"},"device":{},"cpu":{"architecture":"ia32"}},{"ua":"Opera/9.20 (X11; Linux i686; U; pl)","browser":{"name":"Opera","version":"9.20","major":"9"},"engine":{},"os":{"name":"Linux","version":"i686"},"device":{},"cpu":{"architecture":"ia32"}},{"ua":"Opera/9.20 (X11; Linux i686; U; es-es)","browser":{"name":"Opera","version":"9.20","major":"9"},"engine":{},"os":{"name":"Linux","version":"i686"},"device":{},"cpu":{"architecture":"ia32"}},{"ua":"Opera/9.20 (X11; Linux i686; U; en)","browser":{"name":"Opera","version":"9.20","major":"9"},"engine":{},"os":{"name":"Linux","version":"i686"},"device":{},"cpu":{"architecture":"ia32"}},{"ua":"Opera/9.20 (X11; Linux i586; U; en)","browser":{"name":"Opera","version":"9.20","major":"9"},"engine":{},"os":{"name":"Linux","version":"i586"},"device":{},"cpu":{}},{"ua":"Opera/9.10 (X11; Linux; U; en)","browser":{"name":"Opera","version":"9.10","major":"9"},"engine":{},"os":{"name":"Linux"},"device":{},"cpu":{}},{"ua":"Opera/9.10 (X11; Linux x86_64; U; en)","browser":{"name":"Opera","version":"9.10","major":"9"},"engine":{},"os":{"name":"Linux","version":"x86_64"},"device":{},"cpu":{"architecture":"amd64"}},{"ua":"Opera/9.10 (X11; Linux i686; U; pl)","browser":{"name":"Opera","version":"9.10","major":"9"},"engine":{},"os":{"name":"Linux","version":"i686"},"device":{},"cpu":{"architecture":"ia32"}},{"ua":"Opera/9.10 (X11; Linux i686; U; en)","browser":{"name":"Opera","version":"9.10","major":"9"},"engine":{},"os":{"name":"Linux","version":"i686"},"device":{},"cpu":{"architecture":"ia32"}},{"ua":"Opera/9.10 (X11; Linux i386; U; en)","browser":{"name":"Opera","version":"9.10","major":"9"},"engine":{},"os":{"name":"Linux","version":"i386"},"device":{},"cpu":{"architecture":"ia32"}},{"ua":"Opera/9.02 (X11; Linux i686; U; pl)","browser":{"name":"Opera","version":"9.02","major":"9"},"engine":{},"os":{"name":"Linux","version":"i686"},"device":{},"cpu":{"architecture":"ia32"}},{"ua":"Opera/9.02 (X11; Linux i686; U; hu)","browser":{"name":"Opera","version":"9.02","major":"9"},"engine":{},"os":{"name":"Linux","version":"i686"},"device":{},"cpu":{"architecture":"ia32"}},{"ua":"Opera/9.02 (X11; Linux i686; U; en)","browser":{"name":"Opera","version":"9.02","major":"9"},"engine":{},"os":{"name":"Linux","version":"i686"},"device":{},"cpu":{"architecture":"ia32"}},{"ua":"Opera/9.02 (X11; Linux i686; U; de)","browser":{"name":"Opera","version":"9.02","major":"9"},"engine":{},"os":{"name":"Linux","version":"i686"},"device":{},"cpu":{"architecture":"ia32"}},{"ua":"Opera/9.01 (X11; Linux i686; U; en)","browser":{"name":"Opera","version":"9.01","major":"9"},"engine":{},"os":{"name":"Linux","version":"i686"},"device":{},"cpu":{"architecture":"ia32"}},{"ua":"Opera/9.00 (X11; Linux i686; U; pl)","browser":{"name":"Opera","version":"9.00","major":"9"},"engine":{},"os":{"name":"Linux","version":"i686"},"device":{},"cpu":{"architecture":"ia32"}},{"ua":"Opera/9.00 (X11; Linux i686; U; en)","browser":{"name":"Opera","version":"9.00","major":"9"},"engine":{},"os":{"name":"Linux","version":"i686"},"device":{},"cpu":{"architecture":"ia32"}},{"ua":"Opera/9.00 (X11; Linux i686; U; de)","browser":{"name":"Opera","version":"9.00","major":"9"},"engine":{},"os":{"name":"Linux","version":"i686"},"device":{},"cpu":{"architecture":"ia32"}},{"ua":"Opera/8.54 (X11; Linux i686; U; pl)","browser":{"name":"Opera","version":"8.54","major":"8"},"engine":{},"os":{"name":"Linux","version":"i686"},"device":{},"cpu":{"architecture":"ia32"}},{"ua":"Opera/8.54 (X11; Linux i686; U; de)","browser":{"name":"Opera","version":"8.54","major":"8"},"engine":{},"os":{"name":"Linux","version":"i686"},"device":{},"cpu":{"architecture":"ia32"}},{"ua":"Mozilla/4.0 (compatible; MSIE 6.0; X11; Linux i686; en) Opera 8.54","browser":{"name":"Opera","version":"8.54","major":"8"},"engine":{},"os":{"name":"Linux","version":"i686"},"device":{},"cpu":{"architecture":"ia32"}},{"ua":"Opera/8.52 (X11; Linux x86_64; U; en)","browser":{"name":"Opera","version":"8.52","major":"8"},"engine":{},"os":{"name":"Linux","version":"x86_64"},"device":{},"cpu":{"architecture":"amd64"}},{"ua":"Opera/8.52 (X11; Linux i686; U; en)","browser":{"name":"Opera","version":"8.52","major":"8"},"engine":{},"os":{"name":"Linux","version":"i686"},"device":{},"cpu":{"architecture":"ia32"}},{"ua":"Mozilla/5.0 (X11; Linux i686; U; en) Opera 8.52","browser":{"name":"Opera","version":"8.52","major":"8"},"engine":{},"os":{"name":"Linux","version":"i686"},"device":{},"cpu":{"architecture":"ia32"}},{"ua":"Mozilla/4.0 (compatible; MSIE 6.0; X11; Linux i686; en) Opera 8.52","browser":{"name":"Opera","version":"8.52","major":"8"},"engine":{},"os":{"name":"Linux","version":"i686"},"device":{},"cpu":{"architecture":"ia32"}},{"ua":"Opera/8.51 (X11; U; Linux i686; en-US; rv:1.8)","browser":{"name":"Opera","version":"8.51","major":"8"},"engine":{},"os":{"name":"Linux","version":"i686"},"device":{},"cpu":{"architecture":"ia32"}},{"ua":"Opera/8.51 (X11; Linux x86_64; U; en)","browser":{"name":"Opera","version":"8.51","major":"8"},"engine":{},"os":{"name":"Linux","version":"x86_64"},"device":{},"cpu":{"architecture":"amd64"}},{"ua":"Opera/8.51 (X11; Linux i686; U; en)","browser":{"name":"Opera","version":"8.51","major":"8"},"engine":{},"os":{"name":"Linux","version":"i686"},"device":{},"cpu":{"architecture":"ia32"}},{"ua":"Mozilla/4.0 (compatible; MSIE 6.0; X11; Linux i686; ru) Opera 8.51","browser":{"name":"Opera","version":"8.51","major":"8"},"engine":{},"os":{"name":"Linux","version":"i686"},"device":{},"cpu":{"architecture":"ia32"}},{"ua":"Mozilla/4.0 (compatible; MSIE 6.0; X11; Linux i686; en) Opera 8.51","browser":{"name":"Opera","version":"8.51","major":"8"},"engine":{},"os":{"name":"Linux","version":"i686"},"device":{},"cpu":{"architecture":"ia32"}},{"ua":"Mozilla/4.0 (compatible; MSIE 6.0; X11; Linux i686; en) Opera 8.02","browser":{"name":"Opera","version":"8.02","major":"8"},"engine":{},"os":{"name":"Linux","version":"i686"},"device":{},"cpu":{"architecture":"ia32"}},{"ua":"Opera/8.0 (X11; Linux i686; U; cs)","browser":{"name":"Opera","version":"8.0","major":"8"},"engine":{},"os":{"name":"Linux","version":"i686"},"device":{},"cpu":{"architecture":"ia32"}},{"ua":"Mozilla/5.0 (X11; Linux i386; U) Opera 7.60  [en-GB]","browser":{"name":"Opera","version":"7.60","major":"7"},"engine":{},"os":{"name":"Linux","version":"i386"},"device":{},"cpu":{"architecture":"ia32"}},{"ua":"Opera/7.54 (X11; Linux i686; U)  [en]","browser":{"name":"Opera","version":"7.54","major":"7"},"engine":{},"os":{"name":"Linux","version":"i686"},"device":{},"cpu":{"architecture":"ia32"}},{"ua":"Mozilla/5.0 (X11; Linux i686; U) Opera 7.54 [en]","browser":{"name":"Opera","version":"7.54","major":"7"},"engine":{},"os":{"name":"Linux","version":"i686"},"device":{},"cpu":{"architecture":"ia32"}},{"ua":"Mozilla/5.0 (X11; Linux i686; U) Opera 7.54  [en]","browser":{"name":"Opera","version":"7.54","major":"7"},"engine":{},"os":{"name":"Linux","version":"i686"},"device":{},"cpu":{"architecture":"ia32"}},{"ua":"Mozilla/4.0 (compatible; MSIE 6.0; X11; Linux i686) Opera 7.54  [en]","browser":{"name":"Opera","version":"7.54","major":"7"},"engine":{},"os":{"name":"Linux","version":"i686"},"device":{},"cpu":{"architecture":"ia32"}},{"ua":"Opera/7.53 (X11; Linux i686; U) [en_US]","browser":{"name":"Opera","version":"7.53","major":"7"},"engine":{},"os":{"name":"Linux","version":"i686"},"device":{},"cpu":{"architecture":"ia32"}},{"ua":"Opera/7.51 (Linux) [en]","browser":{"name":"Opera","version":"7.51","major":"7"},"engine":{},"os":{"name":"Linux"},"device":{},"cpu":{}},{"ua":"Mozilla/4.0 (compatible; MSIE 6.0; ; Linux x86_64) Opera 7.50 [en]","browser":{"name":"Opera","version":"7.50","major":"7"},"engine":{},"os":{"name":"Linux","version":"x86_64"},"device":{},"cpu":{"architecture":"amd64"}},{"ua":"Mozilla/4.0 (compatible; MSIE 6.0; ; Linux i686) Opera 7.50 [en]","browser":{"name":"Opera","version":"7.50","major":"7"},"engine":{},"os":{"name":"Linux","version":"i686"},"device":{},"cpu":{"architecture":"ia32"}},{"ua":"Mozilla/4.0 (compatible; MSIE 6.0; X11; Linux i686) Opera 7.23  [fi]","browser":{"name":"Opera","version":"7.23","major":"7"},"engine":{},"os":{"name":"Linux","version":"i686"},"device":{},"cpu":{"architecture":"ia32"}},{"ua":"Opera/7.11 (Linux 2.6.0-test4 i686; U)  [en]","browser":{"name":"Opera","version":"7.11","major":"7"},"engine":{},"os":{"name":"Linux","version":"2.6.0"},"device":{},"cpu":{"architecture":"ia32"}},{"ua":"Mozilla/5.0 (Linux 2.4.21-0.13mdk i686; U) Opera 7.11  [en]","browser":{"name":"Opera","version":"7.11","major":"7"},"engine":{},"os":{"name":"Linux","version":"2.4.21"},"device":{},"cpu":{"architecture":"ia32"}},{"ua":"Opera/6.12 (Linux 2.4.20-4GB i686; U)  [en]","browser":{"name":"Opera","version":"6.12","major":"6"},"engine":{},"os":{"name":"Linux","version":"2.4.20"},"device":{},"cpu":{"architecture":"ia32"}},{"ua":"Opera/6.12 (Linux 2.4.18-14cpq i686; U)  [en]","browser":{"name":"Opera","version":"6.12","major":"6"},"engine":{},"os":{"name":"Linux","version":"2.4.18"},"device":{},"cpu":{"architecture":"ia32"}},{"ua":"Mozilla/4.0 (compatible; MSIE 5.0; Linux 2.4.20-4GB i686) Opera 6.12  [de]","browser":{"name":"Opera","version":"6.12","major":"6"},"engine":{},"os":{"name":"Linux","version":"2.4.20"},"device":{},"cpu":{"architecture":"ia32"}},{"ua":"Opera/6.11 (Linux 2.4.18-bf2.4 i686; U)  [en]","browser":{"name":"Opera","version":"6.11","major":"6"},"engine":{},"os":{"name":"Linux","version":"2.4.18"},"device":{},"cpu":{"architecture":"ia32"}},{"ua":"Opera/6.11 (Linux 2.4.18-4GB i686; U)  [en]","browser":{"name":"Opera","version":"6.11","major":"6"},"engine":{},"os":{"name":"Linux","version":"2.4.18"},"device":{},"cpu":{"architecture":"ia32"}},{"ua":"Opera/6.11 (Linux 2.4.10-4GB i686; U)  [en]","browser":{"name":"Opera","version":"6.11","major":"6"},"engine":{},"os":{"name":"Linux","version":"2.4.10"},"device":{},"cpu":{"architecture":"ia32"}},{"ua":"Mozilla/5.0 (Linux 2.4.19-16mdk i686; U) Opera 6.11  [en]","browser":{"name":"Opera","version":"6.11","major":"6"},"engine":{},"os":{"name":"Linux","version":"2.4.19"},"device":{},"cpu":{"architecture":"ia32"}},{"ua":"Mozilla/4.0 (compatible; MSIE 5.0; Linux 2.4.4 i686) Opera 6.11  [en]","browser":{"name":"Opera","version":"6.11","major":"6"},"engine":{},"os":{"name":"Linux","version":"2.4.4"},"device":{},"cpu":{"architecture":"ia32"}},{"ua":"Mozilla/4.0 (compatible; MSIE 5.0; Linux 2.4.20-13.7 i686) Opera 6.11  [de]","browser":{"name":"Opera","version":"6.11","major":"6"},"engine":{},"os":{"name":"Linux","version":"2.4.20"},"device":{},"cpu":{"architecture":"ia32"}},{"ua":"Mozilla/4.0 (compatible; MSIE 5.0; Linux 2.4.19-4GB i686) Opera 6.11  [en]","browser":{"name":"Opera","version":"6.11","major":"6"},"engine":{},"os":{"name":"Linux","version":"2.4.19"},"device":{},"cpu":{"architecture":"ia32"}},{"ua":"Mozilla/4.0 (compatible; MSIE 5.0; Linux 2.4.19-16mdk i686) Opera 6.11  [en]","browser":{"name":"Opera","version":"6.11","major":"6"},"engine":{},"os":{"name":"Linux","version":"2.4.19"},"device":{},"cpu":{"architecture":"ia32"}},{"ua":"Mozilla/4.0 (compatible; MSIE 5.0; Linux 2.4.18 i686) Opera 6.11  [de]","browser":{"name":"Opera","version":"6.11","major":"6"},"engine":{},"os":{"name":"Linux","version":"2.4.18"},"device":{},"cpu":{"architecture":"ia32"}},{"ua":"Mozilla/4.0 (compatible; MSIE 5.0; Linux 2.4.10-4GB i686) Opera 6.11  [en]","browser":{"name":"Opera","version":"6.11","major":"6"},"engine":{},"os":{"name":"Linux","version":"2.4.10"},"device":{},"cpu":{"architecture":"ia32"}},{"ua":"Mozilla/5.0 (Linux 2.4.18-ltsp-1 i686; U) Opera 6.1  [en]","browser":{"name":"Opera","version":"6.1","major":"6"},"engine":{},"os":{"name":"Linux","version":"2.4.18"},"device":{},"cpu":{"architecture":"ia32"}},{"ua":"Mozilla/4.0 (compatible; MSIE 5.0; Linux 2.4.19 i686) Opera 6.1  [en]","browser":{"name":"Opera","version":"6.1","major":"6"},"engine":{},"os":{"name":"Linux","version":"2.4.19"},"device":{},"cpu":{"architecture":"ia32"}},{"ua":"Mozilla/4.0 (compatible; MSIE 5.0; Linux 2.4.18-4GB i686) Opera 6.1  [de]","browser":{"name":"Opera","version":"6.1","major":"6"},"engine":{},"os":{"name":"Linux","version":"2.4.18"},"device":{},"cpu":{"architecture":"ia32"}},{"ua":"Opera/6.03 (Linux 2.4.18-18.7.x i686; U)  [en]","browser":{"name":"Opera","version":"6.03","major":"6"},"engine":{},"os":{"name":"Linux","version":"2.4.18"},"device":{},"cpu":{"architecture":"ia32"}},{"ua":"Mozilla/5.0 (Linux 2.4.18-18.7.x i686; U) Opera 6.03  [en]","browser":{"name":"Opera","version":"6.03","major":"6"},"engine":{},"os":{"name":"Linux","version":"2.4.18"},"device":{},"cpu":{"architecture":"ia32"}},{"ua":"Mozilla/4.0 (compatible; MSIE 5.0; Linux 2.4.20-4GB i686) Opera 6.03  [en]","browser":{"name":"Opera","version":"6.03","major":"6"},"engine":{},"os":{"name":"Linux","version":"2.4.20"},"device":{},"cpu":{"architecture":"ia32"}},{"ua":"Mozilla/4.0 (compatible; MSIE 5.0; Linux 2.4.19-4GB i686) Opera 6.03  [en]","browser":{"name":"Opera","version":"6.03","major":"6"},"engine":{},"os":{"name":"Linux","version":"2.4.19"},"device":{},"cpu":{"architecture":"ia32"}},{"ua":"Mozilla/4.0 (compatible; MSIE 5.0; Linux 2.4.18-4GB i686) Opera 6.03  [en]","browser":{"name":"Opera","version":"6.03","major":"6"},"engine":{},"os":{"name":"Linux","version":"2.4.18"},"device":{},"cpu":{"architecture":"ia32"}},{"ua":"Mozilla/4.0 (compatible; MSIE 5.0; Linux 2.4.0-64GB-SMP i686) Opera 6.03  [en]","browser":{"name":"Opera","version":"6.03","major":"6"},"engine":{},"os":{"name":"Linux","version":"2.4.0"},"device":{},"cpu":{"architecture":"ia32"}},{"ua":"Mozilla/5.0 (Linux; U) Opera 6.02  [en]","browser":{"name":"Opera","version":"6.02","major":"6"},"engine":{},"os":{"name":"Linux"},"device":{},"cpu":{}},{"ua":"Mozilla/4.0 (compatible; MSIE 5.0; Linux 2.4.20-686 i686) Opera 6.02  [en]","browser":{"name":"Opera","version":"6.02","major":"6"},"engine":{},"os":{"name":"Linux","version":"2.4.20"},"device":{},"cpu":{"architecture":"ia32"}},{"ua":"Mozilla/4.0 (compatible; MSIE 5.0; Linux 2.4.18-4GB i686) Opera 6.02  [en]","browser":{"name":"Opera","version":"6.02","major":"6"},"engine":{},"os":{"name":"Linux","version":"2.4.18"},"device":{},"cpu":{"architecture":"ia32"}},{"ua":"Mozilla/4.0 (compatible; MSIE 5.0; Linux) Opera 5.0  [en]","browser":{"name":"Opera","version":"5.0","major":"5"},"engine":{},"os":{"name":"Linux"},"device":{},"cpu":{}},{"ua":"Mozilla/4.0 (compatible; MSIE 5.0; Linux 2.4.4-4GB i686) Opera 5.0  [en]","browser":{"name":"Opera","version":"5.0","major":"5"},"engine":{},"os":{"name":"Linux","version":"2.4.4"},"device":{},"cpu":{"architecture":"ia32"}},{"ua":"Mozilla/4.0 (compatible; MSIE 5.0; Linux 2.4.0-4GB i686) Opera 5.0  [en]","browser":{"name":"Opera","version":"5.0","major":"5"},"engine":{},"os":{"name":"Linux","version":"2.4.0"},"device":{},"cpu":{"architecture":"ia32"}},{"ua":"Mozilla/5.0 (X11; Linux x86_64) AppleWebKit/537.36 (KHTML, like Gecko) Chrome/71.0.3578.98 Safari/537.36 OPR/58.0.3135.90","browser":{"name":"Opera","version":"58.0.3135.90","major":"58"},"engine":{"name":"Blink","version":"71.0.3578.98"},"os":{"name":"Linux","version":"x86_64"},"device":{},"cpu":{"architecture":"amd64"}},{"ua":"Mozilla/5.0 (X11; Linux x86_64) AppleWebKit/537.36 (KHTML, like Gecko) Chrome/69.0.3497.100 Safari/537.36 OPR/56.0.3051.104","browser":{"name":"Opera","version":"56.0.3051.104","major":"56"},"engine":{"name":"Blink","version":"69.0.3497.100"},"os":{"name":"Linux","version":"x86_64"},"device":{},"cpu":{"architecture":"amd64"}},{"ua":"Mozilla/5.0 (X11; Linux x86_64) AppleWebKit/537.36 (KHTML, like Gecko) Chrome/70.0.3538.102 Safari/537.36 OPR/57.0.3098.76","browser":{"name":"Opera","version":"57.0.3098.76","major":"57"},"engine":{"name":"Blink","version":"70.0.3538.102"},"os":{"name":"Linux","version":"x86_64"},"device":{},"cpu":{"architecture":"amd64"}},{"ua":"Mozilla/5.0 (X11; Linux x86_64) AppleWebKit/537.36 (KHTML, like Gecko) Chrome/70.0.3538.102 Safari/537.36 OPR/57.0.3098.116","browser":{"name":"Opera","version":"57.0.3098.116","major":"57"},"engine":{"name":"Blink","version":"70.0.3538.102"},"os":{"name":"Linux","version":"x86_64"},"device":{},"cpu":{"architecture":"amd64"}},{"ua":"Mozilla/5.0 (X11; Linux x86_64) AppleWebKit/537.36 (KHTML, like Gecko) Chrome/73.0.3683.103 Safari/537.36 OPR/60.0.3255.83","browser":{"name":"Opera","version":"60.0.3255.83","major":"60"},"engine":{"name":"Blink","version":"73.0.3683.103"},"os":{"name":"Linux","version":"x86_64"},"device":{},"cpu":{"architecture":"amd64"}},{"ua":"Mozilla/5.0 (X11; Linux i686) AppleWebKit/537.36 (KHTML, like Gecko) Chrome/58.0.3029.110 Safari/537.36 OPR/45.0.2552.898","browser":{"name":"Opera","version":"45.0.2552.898","major":"45"},"engine":{"name":"Blink","version":"58.0.3029.110"},"os":{"name":"Linux","version":"i686"},"device":{},"cpu":{"architecture":"ia32"}},{"ua":"Mozilla/5.0 (X11; Linux x86_64) AppleWebKit/537.36 (KHTML, like Gecko) Chrome/73.0.3683.103 Safari/537.36 OPR/60.0.3255.59","browser":{"name":"Opera","version":"60.0.3255.59","major":"60"},"engine":{"name":"Blink","version":"73.0.3683.103"},"os":{"name":"Linux","version":"x86_64"},"device":{},"cpu":{"architecture":"amd64"}},{"ua":"Mozilla/5.0 (X11; Linux x86_64) AppleWebKit/537.36 (KHTML, like Gecko) Chrome/74.0.3729.28 Safari/537.36 OPR/61.0.3298.6 (Edition developer)","browser":{"name":"Opera","version":"61.0.3298.6","major":"61"},"engine":{"name":"Blink","version":"74.0.3729.28"},"os":{"name":"Linux","version":"x86_64"},"device":{},"cpu":{"architecture":"amd64"}},{"ua":"Mozilla/5.0 (X11; Linux x86_64) AppleWebKit/537.36 (KHTML, like Gecko) Chrome/73.0.3683.103 Safari/537.36 OPR/60.0.3255.170","browser":{"name":"Opera","version":"60.0.3255.170","major":"60"},"engine":{"name":"Blink","version":"73.0.3683.103"},"os":{"name":"Linux","version":"x86_64"},"device":{},"cpu":{"architecture":"amd64"}},{"ua":"Mozilla/5.0 (X11; Linux x86_64) AppleWebKit/537.36 (KHTML, like Gecko) Chrome/65.0.3325.162 Safari/537.36 OPR/52.0.2871.30","browser":{"name":"Opera","version":"52.0.2871.30","major":"52"},"engine":{"name":"Blink","version":"65.0.3325.162"},"os":{"name":"Linux","version":"x86_64"},"device":{},"cpu":{"architecture":"amd64"}},{"ua":"Mozilla/5.0 (X11; Linux x86_64) AppleWebKit/537.36 (KHTML, like Gecko) Chrome/75.0.3770.80 Safari/537.36 OPR/62.0.3331.14 (Edition beta),gzip(gfe)","browser":{"name":"Opera","version":"62.0.3331.14","major":"62"},"engine":{"name":"Blink","version":"75.0.3770.80"},"os":{"name":"Linux","version":"x86_64"},"device":{},"cpu":{"architecture":"amd64"}},{"ua":"Mozilla/5.0 (X11; Linux x86_64) AppleWebKit/537.36 (KHTML, like Gecko) Chrome/80.0.3987.132 Safari/537.36 OPR/67.0.3575.79","browser":{"name":"Opera","version":"67.0.3575.79","major":"67"},"engine":{"name":"Blink","version":"80.0.3987.132"},"os":{"name":"Linux","version":"x86_64"},"device":{},"cpu":{"architecture":"amd64"}},{"ua":"Mozilla/5.0 (X11; Linux x86_64) AppleWebKit/537.36 (KHTML, like Gecko) Chrome/80.0.3987.132 Safari/537.36 OPR/67.0.3575.79","browser":{"name":"Opera","version":"67.0.3575.79","major":"67"},"engine":{"name":"Blink","version":"80.0.3987.132"},"os":{"name":"Linux","version":"x86_64"},"device":{},"cpu":{"architecture":"amd64"}},{"ua":"Mozilla/5.0 (X11; Linux x86_64) AppleWebKit/537.36 (KHTML, like Gecko) Chrome/80.0.3987.132 Safari/537.36 OPR/67.0.3575.79","browser":{"name":"Opera","version":"67.0.3575.79","major":"67"},"engine":{"name":"Blink","version":"80.0.3987.132"},"os":{"name":"Linux","version":"x86_64"},"device":{},"cpu":{"architecture":"amd64"}},{"ua":"Mozilla/5.0 (X11; Linux x86_64) AppleWebKit/537.36 (KHTML, like Gecko) Chrome/80.0.3987.100 Safari/537.36 OPR/67.0.3575.31","browser":{"name":"Opera","version":"67.0.3575.31","major":"67"},"engine":{"name":"Blink","version":"80.0.3987.100"},"os":{"name":"Linux","version":"x86_64"},"device":{},"cpu":{"architecture":"amd64"}},{"ua":"Mozilla/5.0 (X11; Linux x86_64) AppleWebKit/537.36 (KHTML, like Gecko) Chrome/80.0.3987.132 Safari/537.36 OPR/67.0.3575.79","browser":{"name":"Opera","version":"67.0.3575.79","major":"67"},"engine":{"name":"Blink","version":"80.0.3987.132"},"os":{"name":"Linux","version":"x86_64"},"device":{},"cpu":{"architecture":"amd64"}},{"ua":"Mozilla/5.0 (X11; Linux x86_64) AppleWebKit/537.36 (KHTML, like Gecko) Chrome/80.0.3987.132 Safari/537.36 OPR/67.0.3575.79","browser":{"name":"Opera","version":"67.0.3575.79","major":"67"},"engine":{"name":"Blink","version":"80.0.3987.132"},"os":{"name":"Linux","version":"x86_64"},"device":{},"cpu":{"architecture":"amd64"}},{"ua":"Mozilla/5.0 (X11; Linux x86_64) AppleWebKit/537.36 (KHTML, like Gecko) Chrome/69.0.3497.100 Safari/537.36 OPR/56.0.3051.31","browser":{"name":"Opera","version":"56.0.3051.31","major":"56"},"engine":{"name":"Blink","version":"69.0.3497.100"},"os":{"name":"Linux","version":"x86_64"},"device":{},"cpu":{"architecture":"amd64"}},{"ua":"Mozilla/5.0 (X11; Linux x86_64) AppleWebKit/537.36 (KHTML, like Gecko) Chrome/79.0.3945.130 Safari/537.36 OPR/66.0.3515.72","browser":{"name":"Opera","version":"66.0.3515.72","major":"66"},"engine":{"name":"Blink","version":"79.0.3945.130"},"os":{"name":"Linux","version":"x86_64"},"device":{},"cpu":{"architecture":"amd64"}},{"ua":"Mozilla/5.0 (X11; Linux x86_64) AppleWebKit/537.36 (KHTML, like Gecko) Chrome/80.0.3987.100 Safari/537.36 OPR/67.0.3575.31","browser":{"name":"Opera","version":"67.0.3575.31","major":"67"},"engine":{"name":"Blink","version":"80.0.3987.100"},"os":{"name":"Linux","version":"x86_64"},"device":{},"cpu":{"architecture":"amd64"}},{"ua":"Mozilla/5.0 (X11; Linux x86_64) AppleWebKit/537.36 (KHTML, like Gecko) Chrome/80.0.3987.122 Safari/537.36 OPR/67.0.3575.53","browser":{"name":"Opera","version":"67.0.3575.53","major":"67"},"engine":{"name":"Blink","version":"80.0.3987.122"},"os":{"name":"Linux","version":"x86_64"},"device":{},"cpu":{"architecture":"amd64"}},{"ua":"Mozilla/5.0 (X11; Linux x86_64) AppleWebKit/537.36 (KHTML, like Gecko) Chrome/71.0.3578.98 Safari/537.36 OPR/58.0.3135.47","browser":{"name":"Opera","version":"58.0.3135.47","major":"58"},"engine":{"name":"Blink","version":"71.0.3578.98"},"os":{"name":"Linux","version":"x86_64"},"device":{},"cpu":{"architecture":"amd64"}},{"ua":"Mozilla/5.0 (X11; Linux x86_64) AppleWebKit/537.36 (KHTML, like Gecko) Chrome/84.0.4147.89 Safari/537.36 OPR/70.0.3728.71","browser":{"name":"Opera","version":"70.0.3728.71","major":"70"},"engine":{"name":"Blink","version":"84.0.4147.89"},"os":{"name":"Linux","version":"x86_64"},"device":{},"cpu":{"architecture":"amd64"}},{"ua":"Mozilla/5.0 (X11; Linux x86_64) AppleWebKit/537.36 (KHTML, like Gecko) Chrome/84.0.4147.125 Safari/537.36 OPR/70.0.3728.133","browser":{"name":"Opera","version":"70.0.3728.133","major":"70"},"engine":{"name":"Blink","version":"84.0.4147.125"},"os":{"name":"Linux","version":"x86_64"},"device":{},"cpu":{"architecture":"amd64"}},{"ua":"Mozilla/5.0 (X11; Linux x86_64) AppleWebKit/537.36 (KHTML, like Gecko) Chrome/87.0.4280.88 Safari/537.36 OPR/73.0.3856.284","browser":{"name":"Opera","version":"73.0.3856.284","major":"73"},"engine":{"name":"Blink","version":"87.0.4280.88"},"os":{"name":"Linux","version":"x86_64"},"device":{},"cpu":{"architecture":"amd64"}},{"ua":"Mozilla/5.0 (X11; Linux x86_64) AppleWebKit/537.36 (KHTML, like Gecko) Chrome/87.0.4280.88 Safari/537.36 OPR/73.0.3856.329","browser":{"name":"Opera","version":"73.0.3856.329","major":"73"},"engine":{"name":"Blink","version":"87.0.4280.88"},"os":{"name":"Linux","version":"x86_64"},"device":{},"cpu":{"architecture":"amd64"}},{"ua":"Mozilla/5.0 (X11; Linux x86_64) AppleWebKit/537.36 (KHTML, like Gecko) Chrome/89.0.4389.90 Safari/537.36 OPR/75.0.3969.149","browser":{"name":"Opera","version":"75.0.3969.149","major":"75"},"engine":{"name":"Blink","version":"89.0.4389.90"},"os":{"name":"Linux","version":"x86_64"},"device":{},"cpu":{"architecture":"amd64"}},{"ua":"Mozilla/5.0 (X11; Linux x86_64) AppleWebKit/537.36 (KHTML, like Gecko) Chrome/87.0.4280.141 Safari/537.36 OPR/73.0.3856.344","browser":{"name":"Opera","version":"73.0.3856.344","major":"73"},"engine":{"name":"Blink","version":"87.0.4280.141"},"os":{"name":"Linux","version":"x86_64"},"device":{},"cpu":{"architecture":"amd64"}},{"ua":"Mozilla/5.0 (X11; Linux x86_64) AppleWebKit/537.36 (KHTML, like Gecko) Chrome/87.0.4280.88 Safari/537.36 OPR/73.0.3856.329","browser":{"name":"Opera","version":"73.0.3856.329","major":"73"},"engine":{"name":"Blink","version":"87.0.4280.88"},"os":{"name":"Linux","version":"x86_64"},"device":{},"cpu":{"architecture":"amd64"}},{"ua":"Mozilla/5.0 (X11; Linux x86_64) AppleWebKit/537.36 (KHTML, like Gecko) Chrome/88.0.4324.182 Safari/537.36 OPR/74.0.3911.203","browser":{"name":"Opera","version":"74.0.3911.203","major":"74"},"engine":{"name":"Blink","version":"88.0.4324.182"},"os":{"name":"Linux","version":"x86_64"},"device":{},"cpu":{"architecture":"amd64"}},{"ua":"Mozilla/5.0 (X11; U; Linux x86_64) AppleWebKit/537.36 (KHTML, like Gecko) Chrome/81.0.4044.123 Safari/537.36 OPR/66.2.2213.89","browser":{"name":"Opera","version":"66.2.2213.89","major":"66"},"engine":{"name":"Blink","version":"81.0.4044.123"},"os":{"name":"Linux","version":"x86_64"},"device":{},"cpu":{"architecture":"amd64"}},{"ua":"Mozilla/5.0 (X11; Linux x86_64) AppleWebKit/537.36 (KHTML, like Gecko) Chrome/89.0.4389.82 Safari/537.36 OPR/75.0.3969.60 (Edition beta)","browser":{"name":"Opera","version":"75.0.3969.60","major":"75"},"engine":{"name":"Blink","version":"89.0.4389.82"},"os":{"name":"Linux","version":"x86_64"},"device":{},"cpu":{"architecture":"amd64"}},{"ua":"Mozilla/5.0 (X11; Linux x86_64) AppleWebKit/537.36 (KHTML, like Gecko) Chrome/90.0.4430.93 Safari/537.36 OPR/76.0.4017.94","browser":{"name":"Opera","version":"76.0.4017.94","major":"76"},"engine":{"name":"Blink","version":"90.0.4430.93"},"os":{"name":"Linux","version":"x86_64"},"device":{},"cpu":{"architecture":"amd64"}},{"ua":"Mozilla/5.0 (Linux armv7l) AppleWebKit/537.36 (KHTML, like Gecko) Chrome/53.0.2785.143 Safari/537.36 OPR/40.0.2207.0 OMI/4.9.0.237.DOM3-OPT.235 Model/Vestel-MB130 VSTVB MB100 HbbTV/1.2.1 (; TESLA; MB130; 3.62.35.1; _TV_G10_2017;) SmartTvA/3.0.0","browser":{"name":"Opera","version":"40.0.2207.0","major":"40"},"engine":{"name":"Blink","version":"53.0.2785.143"},"os":{"name":"Linux","version":"armv7l"},"device":{"vendor":"TESLA","model":"MB130","type":"smarttv"},"cpu":{"architecture":"arm"}},{"ua":"Mozilla/5.0 (X11; Linux x86_64) AppleWebKit/537.36 (KHTML, like Gecko) Chrome/90.0.4430.93 Safari/537.36 OPR/75.0.3969.218","browser":{"name":"Opera","version":"75.0.3969.218","major":"75"},"engine":{"name":"Blink","version":"90.0.4430.93"},"os":{"name":"Linux","version":"x86_64"},"device":{},"cpu":{"architecture":"amd64"}},{"ua":"Mozilla/5.0 (X11; Linux x86_64) AppleWebKit/537.36 (KHTML, like Gecko) Chrome/89.0.4389.114 Safari/537.36 OPR/75.0.3969.171","browser":{"name":"Opera","version":"75.0.3969.171","major":"75"},"engine":{"name":"Blink","version":"89.0.4389.114"},"os":{"name":"Linux","version":"x86_64"},"device":{},"cpu":{"architecture":"amd64"}},{"ua":"Mozilla/5.0 (X11; Linux i686) AppleWebKit/537.36 (KHTML, like Gecko) Chrome/58.0.3029.110 Safari/537.36 OPR/45.0.2552.898","browser":{"name":"Opera","version":"45.0.2552.898","major":"45"},"engine":{"name":"Blink","version":"58.0.3029.110"},"os":{"name":"Linux","version":"i686"},"device":{},"cpu":{"architecture":"ia32"}},{"ua":"Mozilla/5.0 (X11; Linux x86_64) AppleWebKit/537.36 (KHTML, like Gecko) Chrome/90.0.4430.85 Safari/537.36 OPR/76.0.4017.94","browser":{"name":"Opera","version":"76.0.4017.94","major":"76"},"engine":{"name":"Blink","version":"90.0.4430.85"},"os":{"name":"Linux","version":"x86_64"},"device":{},"cpu":{"architecture":"amd64"}},{"ua":"Mozilla/5.0 (X11; Linux x86_64) AppleWebKit/537.36 (KHTML, like Gecko) Chrome/91.0.4472.114 Safari/537.36 OPR/77.0.4054.172","browser":{"name":"Opera","version":"77.0.4054.172","major":"77"},"engine":{"name":"Blink","version":"91.0.4472.114"},"os":{"name":"Linux","version":"x86_64"},"device":{},"cpu":{"architecture":"amd64"}},{"ua":"Mozilla/5.0 (X11; Linux x86_64) AppleWebKit/537.36 (KHTML, like Gecko) Chrome/91.0.4472.114 Safari/537.36 OPR/77.0.4054.146","browser":{"name":"Opera","version":"77.0.4054.146","major":"77"},"engine":{"name":"Blink","version":"91.0.4472.114"},"os":{"name":"Linux","version":"x86_64"},"device":{},"cpu":{"architecture":"amd64"}},{"ua":"Mozilla/5.0 (X11; Linux x86_64) AppleWebKit/537.36 (KHTML, like Gecko) Chrome/84.0.4147.21 Safari/537.36 OPR/70.0.3728.0 (Edition developer)","browser":{"name":"Opera","version":"70.0.3728.0","major":"70"},"engine":{"name":"Blink","version":"84.0.4147.21"},"os":{"name":"Linux","version":"x86_64"},"device":{},"cpu":{"architecture":"amd64"}},{"ua":"Mozilla/5.0 (X11; Linux x86_64) AppleWebKit/537.36 (KHTML, like Gecko) Chrome/94.0.4606.81 Safari/537.36 OPR/80.0.4170.72","browser":{"name":"Opera","version":"80.0.4170.72","major":"80"},"engine":{"name":"Blink","version":"94.0.4606.81"},"os":{"name":"Linux","version":"x86_64"},"device":{},"cpu":{"architecture":"amd64"}},{"ua":"Mozilla/5.0 (X11; Linux x86_64) AppleWebKit/537.36 (KHTML, like Gecko) Chrome/94.0.4606.61 Safari/537.36 OPR/80.0.4170.16","browser":{"name":"Opera","version":"80.0.4170.16","major":"80"},"engine":{"name":"Blink","version":"94.0.4606.61"},"os":{"name":"Linux","version":"x86_64"},"device":{},"cpu":{"architecture":"amd64"}},{"ua":"Mozilla/5.0 (X11; Linux x86_64) AppleWebKit/537.36 (KHTML, like Gecko) Chrome/97.0.4692.99 Safari/537.36 OPR/83.0.4254.54","browser":{"name":"Opera","version":"83.0.4254.54","major":"83"},"engine":{"name":"Blink","version":"97.0.4692.99"},"os":{"name":"Linux","version":"x86_64"},"device":{},"cpu":{"architecture":"amd64"}},{"ua":"Mozilla/5.0 (X11; Linux x86_64) AppleWebKit/537.36 (KHTML, like Gecko) Chrome/79.0.3945.79 Safari/537.36 OPR/66.0.3515.27","browser":{"name":"Opera","version":"66.0.3515.27","major":"66"},"engine":{"name":"Blink","version":"79.0.3945.79"},"os":{"name":"Linux","version":"x86_64"},"device":{},"cpu":{"architecture":"amd64"}},{"ua":"Mozilla/5.0 (X11; Linux x86_64) AppleWebKit/537.36 (KHTML, like Gecko) Chrome/96.0.4664.110 Safari/537.36 OPR/82.0.4227.43","browser":{"name":"Opera","version":"82.0.4227.43","major":"82"},"engine":{"name":"Blink","version":"96.0.4664.110"},"os":{"name":"Linux","version":"x86_64"},"device":{},"cpu":{"architecture":"amd64"}},{"ua":"Mozilla/5.0 (X11; Linux x86_64) AppleWebKit/537.36 (KHTML, like Gecko) Chrome/87.0.4280.141 Safari/537.36 OPR/73.0.3856.344","browser":{"name":"Opera","version":"73.0.3856.344","major":"73"},"engine":{"name":"Blink","version":"87.0.4280.141"},"os":{"name":"Linux","version":"x86_64"},"device":{},"cpu":{"architecture":"amd64"}},{"ua":"Mozilla/5.0 (X11; Linux x86_64) AppleWebKit/537.36 (KHTML, like Gecko) Chrome/99.0.4844.84 Safari/537.36 OPR/85.0.4341.60","browser":{"name":"Opera","version":"85.0.4341.60","major":"85"},"engine":{"name":"Blink","version":"99.0.4844.84"},"os":{"name":"Linux","version":"x86_64"},"device":{},"cpu":{"architecture":"amd64"}},{"ua":"Mozilla/5.0 (X11; Linux x86_64) AppleWebKit/537.36 (KHTML, like Gecko) Chrome/100.0.4896.127 Safari/537.36 OPR/86.0.4363.59","browser":{"name":"Opera","version":"86.0.4363.59","major":"86"},"engine":{"name":"Blink","version":"100.0.4896.127"},"os":{"name":"Linux","version":"x86_64"},"device":{},"cpu":{"architecture":"amd64"}},{"ua":"Mozilla/5.0 (X11; Linux x86_64) AppleWebKit/537.36 (KHTML, like Gecko) Chrome/99.0.4844.84 Safari/537.36 OPR/85.0.4341.60","browser":{"name":"Opera","version":"85.0.4341.60","major":"85"},"engine":{"name":"Blink","version":"99.0.4844.84"},"os":{"name":"Linux","version":"x86_64"},"device":{},"cpu":{"architecture":"amd64"}},{"ua":"Mozilla/5.0 (X11; Linux x86_64) AppleWebKit/537.36 (KHTML, like Gecko) Chrome/123.0.0.0 Safari/537.36 OPR/109.0.0.0","browser":{"name":"Opera","version":"109.0.0.0","major":"109"},"engine":{"name":"Blink","version":"123.0.0.0"},"os":{"name":"Linux","version":"x86_64"},"device":{},"cpu":{"architecture":"amd64"}},{"ua":"Mozilla/5.0 (X11; Linux x86_64) AppleWebKit/537.36 (KHTML, like Gecko) Chrome/124.0.0.0 Safari/537.36 OPR/110.0.0.0","browser":{"name":"Opera","version":"110.0.0.0","major":"110"},"engine":{"name":"Blink","version":"124.0.0.0"},"os":{"name":"Linux","version":"x86_64"},"device":{},"cpu":{"architecture":"amd64"}},{"ua":"Mozilla/5.0 (X11; Linux x86_64) AppleWebKit/537.36 (KHTML, like Gecko) Chrome/125.0.0.0 Safari/537.36 OPR/111.0.0.0","browser":{"name":"Opera","version":"111.0.0.0","major":"111"},"engine":{"name":"Blink","version":"125.0.0.0"},"os":{"name":"Linux","version":"x86_64"},"device":{},"cpu":{"architecture":"amd64"}}]