[{"ua":"Mozilla/5.0 (iPhone; CPU iPhone OS 13_3_1 like Mac OS X) AppleWebKit/605.1.15 (KHTML, like Gecko) OPT/2.3.0 Mobile/15E148","browser":{"name":"Opera Touch","version":"2.3.0","major":"2"},"engine":{"name":"WebKit","version":"605.1.15"},"os":{"name":"iOS","version":"13.3.1"},"device":{"vendor":"Apple","model":"iPhone","type":"mobile"},"cpu":{}},{"ua":"Mozilla/5.0 (iPhone; CPU iPhone OS 13_3_1 like Mac OS X) AppleWebKit/605.1.15 (KHTML, like Gecko) OPT/2.3.0 Mobile/15E148","browser":{"name":"Opera Touch","version":"2.3.0","major":"2"},"engine":{"name":"WebKit","version":"605.1.15"},"os":{"name":"iOS","version":"13.3.1"},"device":{"vendor":"Apple","model":"iPhone","type":"mobile"},"cpu":{}},{"ua":"Mozilla/5.0 (iPhone; CPU iPhone OS 13_5_1 like Mac OS X) AppleWebKit/605.1.15 (KHTML, like Gecko) Mobile/15E148 OPT/2.6.1","browser":{"name":"Opera Touch","version":"2.6.1","major":"2"},"engine":{"name":"WebKit","version":"605.1.15"},"os":{"name":"iOS","version":"13.5.1"},"device":{"vendor":"Apple","model":"iPhone","type":"mobile"},"cpu":{}},{"ua":"Mozilla/5.0 (iPhone; CPU iPhone OS 16_6 like Mac OS X) AppleWebKit/605.1.15 (KHTML, like Gecko) Version/16.6 Mobile/15E148 Safari/604.1 OPT/4.2.1","browser":{"name":"Opera Touch","version":"4.2.1","major":"4"},"engine":{"name":"WebKit","version":"605.1.15"},"os":{"name":"iOS","version":"16.6"},"device":{"vendor":"Apple","model":"iPhone","type":"mobile"},"cpu":{}}]