[{"ua":"Mozilla/5.0 (iPhone; CPU iPhone OS 12_0 like Mac OS X) AppleWebKit/605.1.15 (KHTML, like Gecko) Version/12.0 MQQBrowser/8.8.0 Mobile/16A5366a Safari/604.1 MttCustomUA/2 QBWebViewType/1 WKType/1","browser":{"name":"QQBrowser","version":"8.8.0","major":"8"},"engine":{"name":"WebKit","version":"605.1.15"},"os":{"name":"iOS","version":"12.0"},"device":{"vendor":"Apple","model":"iPhone","type":"mobile"},"cpu":{}},{"ua":"Mozilla/5.0 (iPhone1 02; CPU iPhone OS 11_1_2 like Mac OS X) AppleWebKit/604.3.5 (KHTML, like Gecko) Version/11.0 MQQBrowser/8.4.1 Mobile/15B87 Safari/604.1 MttCustomUA/2 QBWebViewType/1 WKType/1","browser":{"name":"QQBrowser","version":"8.4.1","major":"8"},"engine":{"name":"WebKit","version":"604.3.5"},"os":{"name":"iOS","version":"11.1.2"},"device":{"vendor":"Apple","model":"iPhone1 02","type":"mobile"},"cpu":{}}]