[{"ua":"Mozilla/5.0 (Windows NT 6.1; WOW64) AppleWebKit/537.36 (KHTML, like Gecko) Chrome/53.0.2785.104 Safari/537.36 Core/1.53.5006.400 QQBrowser/9.7.13114.400","browser":{"name":"QQBrowser","version":"9.7.13114.400","major":"9"},"engine":{"name":"Blink","version":"53.0.2785.104"},"os":{"name":"Windows","version":"7"},"device":{},"cpu":{"architecture":"amd64"}},{"ua":"Mozilla/5.0 (Windows NT 6.3; WOW64) AppleWebKit/537.36 (KHTML, like Gecko) Chrome/63.0.3239.26 Safari/537.36 Core/1.63.6776.400 QQBrowser/10.3.2601.400","browser":{"name":"QQBrowser","version":"10.3.2601.400","major":"10"},"engine":{"name":"Blink","version":"63.0.3239.26"},"os":{"name":"Windows","version":"8.1"},"device":{},"cpu":{"architecture":"amd64"}},{"ua":"Mozilla/5.0 (Windows NT 6.1; WOW64) AppleWebKit/537.36 (KHTML, like Gecko) Chrome/70.0.3538.25 Safari/537.36 Core/1.70.3626.400 QQBrowser/10.4.3211.400","browser":{"name":"QQBrowser","version":"10.4.3211.400","major":"10"},"engine":{"name":"Blink","version":"70.0.3538.25"},"os":{"name":"Windows","version":"7"},"device":{},"cpu":{"architecture":"amd64"}},{"ua":"Mozilla/5.0 (Windows NT 10.0; WOW64) AppleWebKit/537.36 (KHTML, like Gecko) Chrome/63.0.3239.26 Safari/537.36 Core/1.63.6788.400 QQBrowser/10.3.2843.400","browser":{"name":"QQBrowser","version":"10.3.2843.400","major":"10"},"engine":{"name":"Blink","version":"63.0.3239.26"},"os":{"name":"Windows","version":"10"},"device":{},"cpu":{"architecture":"amd64"}},{"ua":"Mozilla/5.0 (Windows NT 10.0; WOW64) AppleWebKit/537.36 (KHTML, like Gecko) Chrome/70.0.3538.25 Safari/537.36 Core/1.70.3704.400 QQBrowser/10.4.3587.400","browser":{"name":"QQBrowser","version":"10.4.3587.400","major":"10"},"engine":{"name":"Blink","version":"70.0.3538.25"},"os":{"name":"Windows","version":"10"},"device":{},"cpu":{"architecture":"amd64"}},{"ua":"Mozilla/5.0 (Windows NT 6.1; WOW64) AppleWebKit/537.36 (KHTML, like Gecko) Chrome/70.0.3538.25 Safari/537.36 Core/1.70.3704.400 QQBrowser/10.4.3587.400","browser":{"name":"QQBrowser","version":"10.4.3587.400","major":"10"},"engine":{"name":"Blink","version":"70.0.3538.25"},"os":{"name":"Windows","version":"7"},"device":{},"cpu":{"architecture":"amd64"}},{"ua":"Mozilla/5.0 (Windows NT 6.1; WOW64) AppleWebKit/537.36 (KHTML, like Gecko) Chrome/70.0.3538.25 Safari/537.36 Core/1.70.3741.400 QQBrowser/10.5.3863.400","browser":{"name":"QQBrowser","version":"10.5.3863.400","major":"10"},"engine":{"name":"Blink","version":"70.0.3538.25"},"os":{"name":"Windows","version":"7"},"device":{},"cpu":{"architecture":"amd64"}},{"ua":"Mozilla/5.0 (Windows NT 6.1; WOW64) AppleWebKit/537.36 (KHTML, like Gecko) Chrome/70.0.3538.25 Safari/537.36 Core/1.70.3741.400 QQBrowser/10.5.3863.400","browser":{"name":"QQBrowser","version":"10.5.3863.400","major":"10"},"engine":{"name":"Blink","version":"70.0.3538.25"},"os":{"name":"Windows","version":"7"},"device":{},"cpu":{"architecture":"amd64"}},{"ua":"Mozilla/5.0 (Windows NT 6.1) AppleWebKit/537.36 (KHTML, like Gecko) Chrome/70.0.3538.25 Safari/537.36 Core/1.70.3741.400 QQBrowser/10.5.3863.400","browser":{"name":"QQBrowser","version":"10.5.3863.400","major":"10"},"engine":{"name":"Blink","version":"70.0.3538.25"},"os":{"name":"Windows","version":"7"},"device":{},"cpu":{}},{"ua":"Mozilla/5.0 (Windows NT 6.1; WOW64) AppleWebKit/537.36 (KHTML, like Gecko) Chrome/70.0.3538.25 Safari/537.36 Core/1.70.3732.400 QQBrowser/10.5.3819.400","browser":{"name":"QQBrowser","version":"10.5.3819.400","major":"10"},"engine":{"name":"Blink","version":"70.0.3538.25"},"os":{"name":"Windows","version":"7"},"device":{},"cpu":{"architecture":"amd64"}},{"ua":"Mozilla/5.0 (Windows NT 10.0; WOW64) AppleWebKit/537.36 (KHTML, like Gecko) Chrome/70.0.3538.25 Safari/537.36 Core/1.70.3641.400 QQBrowser/10.4.3284.400","browser":{"name":"QQBrowser","version":"10.4.3284.400","major":"10"},"engine":{"name":"Blink","version":"70.0.3538.25"},"os":{"name":"Windows","version":"10"},"device":{},"cpu":{"architecture":"amd64"}},{"ua":"Mozilla/5.0 (Windows NT 10.0; WOW64) AppleWebKit/537.36 (KHTML, like Gecko) Chrome/70.0.3538.25 Safari/537.36 Core/1.70.3742.400 QQBrowser/10.5.3866.400","browser":{"name":"QQBrowser","version":"10.5.3866.400","major":"10"},"engine":{"name":"Blink","version":"70.0.3538.25"},"os":{"name":"Windows","version":"10"},"device":{},"cpu":{"architecture":"amd64"}},{"ua":"Mozilla/5.0 (Windows NT 10.0; WOW64) AppleWebKit/537.36 (KHTML, like Gecko) Chrome/70.0.3538.25 Safari/537.36 Core/1.70.3742.400 QQBrowser/10.5.3866.400","browser":{"name":"QQBrowser","version":"10.5.3866.400","major":"10"},"engine":{"name":"Blink","version":"70.0.3538.25"},"os":{"name":"Windows","version":"10"},"device":{},"cpu":{"architecture":"amd64"}},{"ua":"Mozilla/5.0 (Windows NT 10.0; WOW64) AppleWebKit/537.36 (KHTML, like Gecko) Chrome/70.0.3538.25 Safari/537.36 Core/1.70.3741.400 QQBrowser/10.5.3863.400","browser":{"name":"QQBrowser","version":"10.5.3863.400","major":"10"},"engine":{"name":"Blink","version":"70.0.3538.25"},"os":{"name":"Windows","version":"10"},"device":{},"cpu":{"architecture":"amd64"}},{"ua":"Mozilla/5.0 (Windows NT 10.0; WOW64) AppleWebKit/537.36 (KHTML, like Gecko) Chrome/70.0.3538.25 Safari/537.36 Core/1.70.3641.400 QQBrowser/10.4.3284.400","browser":{"name":"QQBrowser","version":"10.4.3284.400","major":"10"},"engine":{"name":"Blink","version":"70.0.3538.25"},"os":{"name":"Windows","version":"10"},"device":{},"cpu":{"architecture":"amd64"}},{"ua":"Mozilla/5.0 (Windows NT 6.1; WOW64) AppleWebKit/537.36 (KHTML, like Gecko) Chrome/70.0.3538.25 Safari/537.36 Core/1.70.3732.400 QQBrowser/10.5.3819.400","browser":{"name":"QQBrowser","version":"10.5.3819.400","major":"10"},"engine":{"name":"Blink","version":"70.0.3538.25"},"os":{"name":"Windows","version":"7"},"device":{},"cpu":{"architecture":"amd64"}},{"ua":"Mozilla/5.0 (Windows NT 6.1; WOW64) AppleWebKit/537.36 (KHTML, like Gecko) Chrome/70.0.3538.25 Safari/537.36 Core/1.70.3754.400 QQBrowser/10.5.4020.400","browser":{"name":"QQBrowser","version":"10.5.4020.400","major":"10"},"engine":{"name":"Blink","version":"70.0.3538.25"},"os":{"name":"Windows","version":"7"},"device":{},"cpu":{"architecture":"amd64"}},{"ua":"Mozilla/5.0 (Windows NT 10.0; WOW64) AppleWebKit/537.36 (KHTML, like Gecko) Chrome/70.0.3538.25 Safari/537.36 Core/1.70.3742.400 QQBrowser/10.5.3866.400","browser":{"name":"QQBrowser","version":"10.5.3866.400","major":"10"},"engine":{"name":"Blink","version":"70.0.3538.25"},"os":{"name":"Windows","version":"10"},"device":{},"cpu":{"architecture":"amd64"}},{"ua":"Mozilla/5.0 (Windows NT 10.0; WOW64) AppleWebKit/537.36 (KHTML, like Gecko) Chrome/70.0.3538.25 Safari/537.36 Core/1.70.3775.400 QQBrowser/10.6.4208.400","browser":{"name":"QQBrowser","version":"10.6.4208.400","major":"10"},"engine":{"name":"Blink","version":"70.0.3538.25"},"os":{"name":"Windows","version":"10"},"device":{},"cpu":{"architecture":"amd64"}},{"ua":"Mozilla/5.0 (Windows NT 10.0) AppleWebKit/537.36 (KHTML, like Gecko) Chrome/70.0.3538.25 Safari/537.36 Core/1.70.3741.400 QQBrowser/10.5.3863.400","browser":{"name":"QQBrowser","version":"10.5.3863.400","major":"10"},"engine":{"name":"Blink","version":"70.0.3538.25"},"os":{"name":"Windows","version":"10"},"device":{},"cpu":{}},{"ua":"Mozilla/5.0 (Windows NT 10.0; WOW64) AppleWebKit/537.36 (KHTML, like Gecko) Chrome/70.0.3538.25 Safari/537.36 Core/1.70.3861.400 QQBrowser/10.7.4313.400","browser":{"name":"QQBrowser","version":"10.7.4313.400","major":"10"},"engine":{"name":"Blink","version":"70.0.3538.25"},"os":{"name":"Windows","version":"10"},"device":{},"cpu":{"architecture":"amd64"}},{"ua":"Mozilla/5.0 (Windows NT 10.0; WOW64) AppleWebKit/537.36 (KHTML, like Gecko) Chrome/47.0.2526.80 Safari/537.36 Core/1.47.640.400 QQBrowser/9.4.8309.400","browser":{"name":"QQBrowser","version":"9.4.8309.400","major":"9"},"engine":{"name":"Blink","version":"47.0.2526.80"},"os":{"name":"Windows","version":"10"},"device":{},"cpu":{"architecture":"amd64"}},{"ua":"Mozilla/5.0 (Windows NT 10.0; WOW64) AppleWebKit/537.36 (KHTML, like Gecko) Chrome/70.0.3538.25 Safari/537.36 Core/1.70.3861.400 QQBrowser/10.7.4313.400","browser":{"name":"QQBrowser","version":"10.7.4313.400","major":"10"},"engine":{"name":"Blink","version":"70.0.3538.25"},"os":{"name":"Windows","version":"10"},"device":{},"cpu":{"architecture":"amd64"}},{"ua":"Mozilla/5.0 (Windows NT 10.0; WOW64) AppleWebKit/537.36 (KHTML, like Gecko) Chrome/70.0.3538.25 Safari/537.36 Core/1.70.3775.400 QQBrowser/10.6.4208.400","browser":{"name":"QQBrowser","version":"10.6.4208.400","major":"10"},"engine":{"name":"Blink","version":"70.0.3538.25"},"os":{"name":"Windows","version":"10"},"device":{},"cpu":{"architecture":"amd64"}},{"ua":"Mozilla/5.0 (Windows NT 10.0; WOW64) AppleWebKit/537.36 (KHTML, like Gecko) Chrome/70.0.3538.25 Safari/537.36 Core/1.70.3880.400 QQBrowser/10.8.4554.400","browser":{"name":"QQBrowser","version":"10.8.4554.400","major":"10"},"engine":{"name":"Blink","version":"70.0.3538.25"},"os":{"name":"Windows","version":"10"},"device":{},"cpu":{"architecture":"amd64"}},{"ua":"Mozilla/5.0 (Windows NT 10.0; WOW64) AppleWebKit/537.36 (KHTML, like Gecko) Chrome/70.0.3538.25 Safari/537.36 Core/1.70.3883.400 QQBrowser/10.8.4559.400","browser":{"name":"QQBrowser","version":"10.8.4559.400","major":"10"},"engine":{"name":"Blink","version":"70.0.3538.25"},"os":{"name":"Windows","version":"10"},"device":{},"cpu":{"architecture":"amd64"}},{"ua":"Mozilla/5.0 (Windows NT 10.0; WOW64) AppleWebKit/537.36 (KHTML, like Gecko) Chrome/70.0.3538.25 Safari/537.36 Core/1.70.3883.400 QQBrowser/10.8.4559.400","browser":{"name":"QQBrowser","version":"10.8.4559.400","major":"10"},"engine":{"name":"Blink","version":"70.0.3538.25"},"os":{"name":"Windows","version":"10"},"device":{},"cpu":{"architecture":"amd64"}},{"ua":"Mozilla/5.0 (Windows NT 10.0; WOW64) AppleWebKit/537.36 (KHTML, like Gecko) Chrome/94.0.4606.71 Safari/537.36 Core/1.94.238.400 QQBrowser/12.4.5622.400","browser":{"name":"QQBrowser","version":"12.4.5622.400","major":"12"},"engine":{"name":"Blink","version":"94.0.4606.71"},"os":{"name":"Windows","version":"10"},"device":{},"cpu":{"architecture":"amd64"}},{"ua":"Mozilla/5.0 (Windows NT 10.0; WOW64) AppleWebKit/537.36 (KHTML, like Gecko) Chrome/94.0.4606.71 Safari/537.36 Core/1.94.236.400 QQBrowser/12.4.5604.400","browser":{"name":"QQBrowser","version":"12.4.5604.400","major":"12"},"engine":{"name":"Blink","version":"94.0.4606.71"},"os":{"name":"Windows","version":"10"},"device":{},"cpu":{"architecture":"amd64"}},{"ua":"Mozilla/5.0 (Windows NT 10.0; WOW64) AppleWebKit/537.36 (KHTML, like Gecko) Chrome/94.0.4606.71 Safari/537.36 Core/1.94.249.400 QQBrowser/12.5.5658.400","browser":{"name":"QQBrowser","version":"12.5.5658.400","major":"12"},"engine":{"name":"Blink","version":"94.0.4606.71"},"os":{"name":"Windows","version":"10"},"device":{},"cpu":{"architecture":"amd64"}}]