[{"ua":"Mozilla/5.0 (Windows; U; Windows CE; Mobile; like iPhone; ko-kr) AppleWebKit/533.3 (KHTML, like Gecko) Version/4.0 Mobile Safari/533.3 Dorothy","browser":{"name":"Safari","version":"4.0","major":"4"},"engine":{"name":"WebKit","version":"533.3"},"os":{"name":"Windows","version":"CE"},"device":{"type":"mobile"},"cpu":{}},{"ua":"Mozilla/5.0 (Windows NT; U; en) AppleWebKit/525.18.1 (KHTML, like Gecko) Version/3.1.1 Iris/1.1.7 Safari/525.20","browser":{"name":"Safari","version":"3.1.1","major":"3"},"engine":{"name":"WebKit","version":"525.18.1"},"os":{"name":"Windows","version":"NT"},"device":{},"cpu":{}},{"ua":"Mozilla/5.0 (Windows; U; Windows NT 5.1; en-US) AppleWebKit/525.13 (KHTML, like Gecko) Fluid/0.9.4 Safari/525.13","browser":{"name":"Safari"},"engine":{"name":"WebKit","version":"525.13"},"os":{"name":"Windows","version":"XP"},"device":{},"cpu":{}},{"ua":"Mozilla/5.0 (Windows; U; Windows NT 5.1; pt-BR) AppleWebKit/534.8 (KHTML, like Gecko) Navscape/Pre-0.2 Safari/534.8","browser":{"name":"Safari"},"engine":{"name":"WebKit","version":"534.8"},"os":{"name":"Windows","version":"XP"},"device":{},"cpu":{}},{"ua":"Mozilla/5.0 (Windows; U; Windows NT 5.1; pt-BR) AppleWebKit/534.12 (KHTML, like Gecko) NavscapeNavigator/Pre-0.1 Safari/534.12","browser":{"name":"Safari"},"engine":{"name":"WebKit","version":"534.12"},"os":{"name":"Windows","version":"XP"},"device":{},"cpu":{}},{"ua":"Mozilla/5.0 (Windows; U; Windows NT 5.1; pt-BR) AppleWebKit/534.12 (KHTML, like Gecko) Navscape/Pre-0.1 Safari/534.12","browser":{"name":"Safari"},"engine":{"name":"WebKit","version":"534.12"},"os":{"name":"Windows","version":"XP"},"device":{},"cpu":{}},{"ua":"Mozilla/5.0 (Windows; U; Windows NT 6.1; tr-TR) AppleWebKit/533.20.25 (KHTML, like Gecko) Version/5.0.4 Safari/533.20.27","browser":{"name":"Safari","version":"5.0.4","major":"5"},"engine":{"name":"WebKit","version":"533.20.25"},"os":{"name":"Windows","version":"7"},"device":{},"cpu":{}},{"ua":"Mozilla/5.0 (Windows; U; Windows NT 6.1; ko-KR) AppleWebKit/533.20.25 (KHTML, like Gecko) Version/5.0.4 Safari/533.20.27","browser":{"name":"Safari","version":"5.0.4","major":"5"},"engine":{"name":"WebKit","version":"533.20.25"},"os":{"name":"Windows","version":"7"},"device":{},"cpu":{}},{"ua":"Mozilla/5.0 (Windows; U; Windows NT 6.1; fr-FR) AppleWebKit/533.20.25 (KHTML, like Gecko) Version/5.0.4 Safari/533.20.27","browser":{"name":"Safari","version":"5.0.4","major":"5"},"engine":{"name":"WebKit","version":"533.20.25"},"os":{"name":"Windows","version":"7"},"device":{},"cpu":{}},{"ua":"Mozilla/5.0 (Windows; U; Windows NT 6.1; en-US) AppleWebKit/533.20.25 (KHTML, like Gecko) Version/5.0.4 Safari/533.20.27","browser":{"name":"Safari","version":"5.0.4","major":"5"},"engine":{"name":"WebKit","version":"533.20.25"},"os":{"name":"Windows","version":"7"},"device":{},"cpu":{}},{"ua":"Mozilla/5.0 (Windows; U; Windows NT 6.1; cs-CZ) AppleWebKit/533.20.25 (KHTML, like Gecko) Version/5.0.4 Safari/533.20.27","browser":{"name":"Safari","version":"5.0.4","major":"5"},"engine":{"name":"WebKit","version":"533.20.25"},"os":{"name":"Windows","version":"7"},"device":{},"cpu":{}},{"ua":"Mozilla/5.0 (Windows; U; Windows NT 6.0; ja-JP) AppleWebKit/533.20.25 (KHTML, like Gecko) Version/5.0.4 Safari/533.20.27","browser":{"name":"Safari","version":"5.0.4","major":"5"},"engine":{"name":"WebKit","version":"533.20.25"},"os":{"name":"Windows","version":"Vista"},"device":{},"cpu":{}},{"ua":"Mozilla/5.0 (Windows; U; Windows NT 6.0; en-US) AppleWebKit/533.20.25 (KHTML, like Gecko) Version/5.0.4 Safari/533.20.27","browser":{"name":"Safari","version":"5.0.4","major":"5"},"engine":{"name":"WebKit","version":"533.20.25"},"os":{"name":"Windows","version":"Vista"},"device":{},"cpu":{}},{"ua":"Mozilla/5.0 (Windows; U; Windows NT 6.1; sv-SE) AppleWebKit/533.19.4 (KHTML, like Gecko) Version/5.0.3 Safari/533.19.4","browser":{"name":"Safari","version":"5.0.3","major":"5"},"engine":{"name":"WebKit","version":"533.19.4"},"os":{"name":"Windows","version":"7"},"device":{},"cpu":{}},{"ua":"Mozilla/5.0 (Windows; U; Windows NT 6.1; ja-JP) AppleWebKit/533.20.25 (KHTML, like Gecko) Version/5.0.3 Safari/533.19.4","browser":{"name":"Safari","version":"5.0.3","major":"5"},"engine":{"name":"WebKit","version":"533.20.25"},"os":{"name":"Windows","version":"7"},"device":{},"cpu":{}},{"ua":"Mozilla/5.0 (Windows; U; Windows NT 6.1; de-DE) AppleWebKit/533.20.25 (KHTML, like Gecko) Version/5.0.3 Safari/533.19.4","browser":{"name":"Safari","version":"5.0.3","major":"5"},"engine":{"name":"WebKit","version":"533.20.25"},"os":{"name":"Windows","version":"7"},"device":{},"cpu":{}},{"ua":"Mozilla/5.0 (Windows; U; Windows NT 6.0; hu-HU) AppleWebKit/533.19.4 (KHTML, like Gecko) Version/5.0.3 Safari/533.19.4","browser":{"name":"Safari","version":"5.0.3","major":"5"},"engine":{"name":"WebKit","version":"533.19.4"},"os":{"name":"Windows","version":"Vista"},"device":{},"cpu":{}},{"ua":"Mozilla/5.0 (Windows; U; Windows NT 6.0; en-US) AppleWebKit/533.20.25 (KHTML, like Gecko) Version/5.0.3 Safari/533.19.4","browser":{"name":"Safari","version":"5.0.3","major":"5"},"engine":{"name":"WebKit","version":"533.20.25"},"os":{"name":"Windows","version":"Vista"},"device":{},"cpu":{}},{"ua":"Mozilla/5.0 (Windows; U; Windows NT 6.0; de-DE) AppleWebKit/533.20.25 (KHTML, like Gecko) Version/5.0.3 Safari/533.19.4","browser":{"name":"Safari","version":"5.0.3","major":"5"},"engine":{"name":"WebKit","version":"533.20.25"},"os":{"name":"Windows","version":"Vista"},"device":{},"cpu":{}},{"ua":"Mozilla/5.0 (Windows; U; Windows NT 5.1; ru-RU) AppleWebKit/533.19.4 (KHTML, like Gecko) Version/5.0.3 Safari/533.19.4","browser":{"name":"Safari","version":"5.0.3","major":"5"},"engine":{"name":"WebKit","version":"533.19.4"},"os":{"name":"Windows","version":"XP"},"device":{},"cpu":{}},{"ua":"Mozilla/5.0 (Windows; U; Windows NT 5.1; ja-JP) AppleWebKit/533.20.25 (KHTML, like Gecko) Version/5.0.3 Safari/533.19.4","browser":{"name":"Safari","version":"5.0.3","major":"5"},"engine":{"name":"WebKit","version":"533.20.25"},"os":{"name":"Windows","version":"XP"},"device":{},"cpu":{}},{"ua":"Mozilla/5.0 (Windows; U; Windows NT 5.1; it-IT) AppleWebKit/533.20.25 (KHTML, like Gecko) Version/5.0.3 Safari/533.19.4","browser":{"name":"Safari","version":"5.0.3","major":"5"},"engine":{"name":"WebKit","version":"533.20.25"},"os":{"name":"Windows","version":"XP"},"device":{},"cpu":{}},{"ua":"Mozilla/5.0 (Windows; U; Windows NT 5.1; en-US) AppleWebKit/533.20.25 (KHTML, like Gecko) Version/5.0.3 Safari/533.19.4","browser":{"name":"Safari","version":"5.0.3","major":"5"},"engine":{"name":"WebKit","version":"533.20.25"},"os":{"name":"Windows","version":"XP"},"device":{},"cpu":{}},{"ua":"Mozilla/5.0 (Windows; U; Windows NT 6.1; zh-HK) AppleWebKit/533.18.1 (KHTML, like Gecko) Version/5.0.2 Safari/533.18.5","browser":{"name":"Safari","version":"5.0.2","major":"5"},"engine":{"name":"WebKit","version":"533.18.1"},"os":{"name":"Windows","version":"7"},"device":{},"cpu":{}},{"ua":"Mozilla/5.0 (Windows; U; Windows NT 6.1; en-US) AppleWebKit/533.19.4 (KHTML, like Gecko) Version/5.0.2 Safari/533.18.5","browser":{"name":"Safari","version":"5.0.2","major":"5"},"engine":{"name":"WebKit","version":"533.19.4"},"os":{"name":"Windows","version":"7"},"device":{},"cpu":{}},{"ua":"Mozilla/5.0 (Windows; U; Windows NT 6.0; tr-TR) AppleWebKit/533.18.1 (KHTML, like Gecko) Version/5.0.2 Safari/533.18.5","browser":{"name":"Safari","version":"5.0.2","major":"5"},"engine":{"name":"WebKit","version":"533.18.1"},"os":{"name":"Windows","version":"Vista"},"device":{},"cpu":{}},{"ua":"Mozilla/5.0 (Windows; U; Windows NT 6.0; nb-NO) AppleWebKit/533.18.1 (KHTML, like Gecko) Version/5.0.2 Safari/533.18.5","browser":{"name":"Safari","version":"5.0.2","major":"5"},"engine":{"name":"WebKit","version":"533.18.1"},"os":{"name":"Windows","version":"Vista"},"device":{},"cpu":{}},{"ua":"Mozilla/5.0 (Windows; U; Windows NT 6.0; fr-FR) AppleWebKit/533.18.1 (KHTML, like Gecko) Version/5.0.2 Safari/533.18.5","browser":{"name":"Safari","version":"5.0.2","major":"5"},"engine":{"name":"WebKit","version":"533.18.1"},"os":{"name":"Windows","version":"Vista"},"device":{},"cpu":{}},{"ua":"Mozilla/5.0 (Windows; U; Windows NT 5.1; zh-TW) AppleWebKit/533.19.4 (KHTML, like Gecko) Version/5.0.2 Safari/533.18.5","browser":{"name":"Safari","version":"5.0.2","major":"5"},"engine":{"name":"WebKit","version":"533.19.4"},"os":{"name":"Windows","version":"XP"},"device":{},"cpu":{}},{"ua":"Mozilla/5.0 (Windows; U; Windows NT 5.1; ru-RU) AppleWebKit/533.18.1 (KHTML, like Gecko) Version/5.0.2 Safari/533.18.5","browser":{"name":"Safari","version":"5.0.2","major":"5"},"engine":{"name":"WebKit","version":"533.18.1"},"os":{"name":"Windows","version":"XP"},"device":{},"cpu":{}},{"ua":"Mozilla/5.0 (Windows; U; Windows NT 5.2; en-US) AppleWebKit/533.17.8 (KHTML, like Gecko) Version/5.0.1 Safari/533.17.8","browser":{"name":"Safari","version":"5.0.1","major":"5"},"engine":{"name":"WebKit","version":"533.17.8"},"os":{"name":"Windows","version":"XP"},"device":{},"cpu":{}},{"ua":"Mozilla/5.0 (Windows; U; Windows NT 6.1; ja-JP) AppleWebKit/533.16 (KHTML, like Gecko) Version/5.0 Safari/533.16","browser":{"name":"Safari","version":"5.0","major":"5"},"engine":{"name":"WebKit","version":"533.16"},"os":{"name":"Windows","version":"7"},"device":{},"cpu":{}},{"ua":"Mozilla/5.0 (Windows; U; Windows NT 6.1; es-ES) AppleWebKit/533.18.1 (KHTML, like Gecko) Version/5.0 Safari/533.16","browser":{"name":"Safari","version":"5.0","major":"5"},"engine":{"name":"WebKit","version":"533.18.1"},"os":{"name":"Windows","version":"7"},"device":{},"cpu":{}},{"ua":"Mozilla/5.0 (Windows; U; Windows NT 6.1; en-US) AppleWebKit/533.18.1 (KHTML, like Gecko) Version/5.0 Safari/533.16","browser":{"name":"Safari","version":"5.0","major":"5"},"engine":{"name":"WebKit","version":"533.18.1"},"os":{"name":"Windows","version":"7"},"device":{},"cpu":{}},{"ua":"Mozilla/5.0 (Windows; U; Windows NT 6.0; ja-JP) AppleWebKit/533.16 (KHTML, like Gecko) Version/5.0 Safari/533.16","browser":{"name":"Safari","version":"5.0","major":"5"},"engine":{"name":"WebKit","version":"533.16"},"os":{"name":"Windows","version":"Vista"},"device":{},"cpu":{}},{"ua":"Mozilla/5.0 (Windows; U; Windows NT 5.0; en-en) AppleWebKit/533.16 (KHTML, like Gecko) Version/4.1 Safari/533.16","browser":{"name":"Safari","version":"4.1","major":"4"},"engine":{"name":"WebKit","version":"533.16"},"os":{"name":"Windows","version":"2000"},"device":{},"cpu":{}},{"ua":"Mozilla/5.0 (Windows; U; Windows NT 5.1; en) AppleWebKit/526.9 (KHTML, like Gecko) Version/4.0dp1 Safari/526.8","browser":{"name":"Safari","version":"4.0dp1","major":"4"},"engine":{"name":"WebKit","version":"526.9"},"os":{"name":"Windows","version":"XP"},"device":{},"cpu":{}},{"ua":"Mozilla/5.0 (Macintosh; U; PPC Mac OS X 10.5; en-US; rv:1.9.1b3pre) Gecko/20081212 Mozilla/5.0 (Windows; U; Windows NT 5.1; en) AppleWebKit/526.9 (KHTML, like Gecko) Version/4.0dp1 Safari/526.8","browser":{"name":"Safari","version":"4.0dp1","major":"4"},"engine":{"name":"WebKit","version":"526.9"},"os":{"name":"Windows","version":"XP"},"device":{},"cpu":{"architecture":"ppc"}},{"ua":"Mozilla/5.0 (Windows; U; Windows NT 6.1; es-ES) AppleWebKit/531.22.7 (KHTML, like Gecko) Version/4.0.5 Safari/531.22.7","browser":{"name":"Safari","version":"4.0.5","major":"4"},"engine":{"name":"WebKit","version":"531.22.7"},"os":{"name":"Windows","version":"7"},"device":{},"cpu":{}},{"ua":"Mozilla/5.0 (Windows; U; Windows NT 6.0; en-US) AppleWebKit/533.18.1 (KHTML, like Gecko) Version/4.0.5 Safari/531.22.7","browser":{"name":"Safari","version":"4.0.5","major":"4"},"engine":{"name":"WebKit","version":"533.18.1"},"os":{"name":"Windows","version":"Vista"},"device":{},"cpu":{}},{"ua":"Mozilla/5.0 (Windows; U; Windows NT 6.0; en-US) AppleWebKit/531.22.7 (KHTML, like Gecko) Version/4.0.5 Safari/531.22.7","browser":{"name":"Safari","version":"4.0.5","major":"4"},"engine":{"name":"WebKit","version":"531.22.7"},"os":{"name":"Windows","version":"Vista"},"device":{},"cpu":{}},{"ua":"Mozilla/5.0 (Windows; U; Windows NT 6.0; en-gb) AppleWebKit/531.22.7 (KHTML, like Gecko) Version/4.0.5 Safari/531.22.7","browser":{"name":"Safari","version":"4.0.5","major":"4"},"engine":{"name":"WebKit","version":"531.22.7"},"os":{"name":"Windows","version":"Vista"},"device":{},"cpu":{}},{"ua":"Mozilla/5.0 (Windows; U; Windows NT 5.1; cs-CZ) AppleWebKit/531.22.7 (KHTML, like Gecko) Version/4.0.5 Safari/531.22.7","browser":{"name":"Safari","version":"4.0.5","major":"4"},"engine":{"name":"WebKit","version":"531.22.7"},"os":{"name":"Windows","version":"XP"},"device":{},"cpu":{}},{"ua":"Mozilla/5.0 (Windows; U; Windows NT 6.1; zh-TW) AppleWebKit/531.21.8 (KHTML, like Gecko) Version/4.0.4 Safari/531.21.10","browser":{"name":"Safari","version":"4.0.4","major":"4"},"engine":{"name":"WebKit","version":"531.21.8"},"os":{"name":"Windows","version":"7"},"device":{},"cpu":{}},{"ua":"Mozilla/5.0 (Windows; U; Windows NT 6.1; ko-KR) AppleWebKit/531.21.8 (KHTML, like Gecko) Version/4.0.4 Safari/531.21.10","browser":{"name":"Safari","version":"4.0.4","major":"4"},"engine":{"name":"WebKit","version":"531.21.8"},"os":{"name":"Windows","version":"7"},"device":{},"cpu":{}},{"ua":"Mozilla/5.0 (Windows; U; Windows NT 6.0; en-US) AppleWebKit/533.18.1 (KHTML, like Gecko) Version/4.0.4 Safari/531.21.10","browser":{"name":"Safari","version":"4.0.4","major":"4"},"engine":{"name":"WebKit","version":"533.18.1"},"os":{"name":"Windows","version":"Vista"},"device":{},"cpu":{}},{"ua":"Mozilla/5.0 (Windows; U; Windows NT 5.2; en-US) AppleWebKit/531.21.8 (KHTML, like Gecko) Version/4.0.4 Safari/531.21.10","browser":{"name":"Safari","version":"4.0.4","major":"4"},"engine":{"name":"WebKit","version":"531.21.8"},"os":{"name":"Windows","version":"XP"},"device":{},"cpu":{}},{"ua":"Mozilla/5.0 (Windows; U; Windows NT 5.1; de-DE) AppleWebKit/532+ (KHTML, like Gecko) Version/4.0.4 Safari/531.21.10","browser":{"name":"Safari","version":"4.0.4","major":"4"},"engine":{"name":"WebKit","version":"532"},"os":{"name":"Windows","version":"XP"},"device":{},"cpu":{}},{"ua":"Mozilla/5.0 (Windows; U; Windows NT 6.0; fr-ch) AppleWebKit/531.9 (KHTML, like Gecko) Version/4.0.3 Safari/531.9","browser":{"name":"Safari","version":"4.0.3","major":"4"},"engine":{"name":"WebKit","version":"531.9"},"os":{"name":"Windows","version":"Vista"},"device":{},"cpu":{}},{"ua":"Mozilla/5.0 (Windows; U; Windows NT 6.0; en-us) AppleWebKit/531.9 (KHTML, like Gecko) Version/4.0.3 Safari/531.9","browser":{"name":"Safari","version":"4.0.3","major":"4"},"engine":{"name":"WebKit","version":"531.9"},"os":{"name":"Windows","version":"Vista"},"device":{},"cpu":{}},{"ua":"Mozilla/5.0 (Windows; U; Windows NT 6.1; en-US) AppleWebKit/532+ (KHTML, like Gecko) Version/4.0.2 Safari/530.19.1","browser":{"name":"Safari","version":"4.0.2","major":"4"},"engine":{"name":"WebKit","version":"532"},"os":{"name":"Windows","version":"7"},"device":{},"cpu":{}},{"ua":"Mozilla/5.0 (Windows; U; Windows NT 6.1; en-US) AppleWebKit/530.19.2 (KHTML, like Gecko) Version/4.0.2 Safari/530.19.1","browser":{"name":"Safari","version":"4.0.2","major":"4"},"engine":{"name":"WebKit","version":"530.19.2"},"os":{"name":"Windows","version":"7"},"device":{},"cpu":{}},{"ua":"Mozilla/5.0 (Windows; U; Windows NT 6.0; zh-TW) AppleWebKit/530.19.2 (KHTML, like Gecko) Version/4.0.2 Safari/530.19.1","browser":{"name":"Safari","version":"4.0.2","major":"4"},"engine":{"name":"WebKit","version":"530.19.2"},"os":{"name":"Windows","version":"Vista"},"device":{},"cpu":{}},{"ua":"Mozilla/5.0 (Windows; U; Windows NT 6.0; pl-PL) AppleWebKit/530.19.2 (KHTML, like Gecko) Version/4.0.2 Safari/530.19.1","browser":{"name":"Safari","version":"4.0.2","major":"4"},"engine":{"name":"WebKit","version":"530.19.2"},"os":{"name":"Windows","version":"Vista"},"device":{},"cpu":{}},{"ua":"Mozilla/5.0 (Windows; U; Windows NT 6.0; ja-JP) AppleWebKit/530.19.2 (KHTML, like Gecko) Version/4.0.2 Safari/530.19.1","browser":{"name":"Safari","version":"4.0.2","major":"4"},"engine":{"name":"WebKit","version":"530.19.2"},"os":{"name":"Windows","version":"Vista"},"device":{},"cpu":{}},{"ua":"Mozilla/5.0 (Windows; U; Windows NT 6.0; fr-FR) AppleWebKit/530.19.2 (KHTML, like Gecko) Version/4.0.2 Safari/530.19.1","browser":{"name":"Safari","version":"4.0.2","major":"4"},"engine":{"name":"WebKit","version":"530.19.2"},"os":{"name":"Windows","version":"Vista"},"device":{},"cpu":{}},{"ua":"Mozilla/5.0 (Windows; U; Windows NT 6.0; en-US) AppleWebKit/530.19.2 (KHTML, like Gecko) Version/4.0.2 Safari/530.19.1","browser":{"name":"Safari","version":"4.0.2","major":"4"},"engine":{"name":"WebKit","version":"530.19.2"},"os":{"name":"Windows","version":"Vista"},"device":{},"cpu":{}},{"ua":"Mozilla/5.0 (Windows; U; Windows NT 5.2; de-DE) AppleWebKit/530.19.2 (KHTML, like Gecko) Version/4.0.2 Safari/530.19.1","browser":{"name":"Safari","version":"4.0.2","major":"4"},"engine":{"name":"WebKit","version":"530.19.2"},"os":{"name":"Windows","version":"XP"},"device":{},"cpu":{}},{"ua":"Mozilla/5.0 (Windows; U; Windows NT 5.1; zh-CN) AppleWebKit/530.19.2 (KHTML, like Gecko) Version/4.0.2 Safari/530.19.1","browser":{"name":"Safari","version":"4.0.2","major":"4"},"engine":{"name":"WebKit","version":"530.19.2"},"os":{"name":"Windows","version":"XP"},"device":{},"cpu":{}},{"ua":"Mozilla/5.0 (Windows; U; Windows NT 5.1; en-US) AppleWebKit/530.19.2 (KHTML, like Gecko) Version/4.0.2 Safari/530.19.1","browser":{"name":"Safari","version":"4.0.2","major":"4"},"engine":{"name":"WebKit","version":"530.19.2"},"os":{"name":"Windows","version":"XP"},"device":{},"cpu":{}},{"ua":"Mozilla/5.0 (Windows; U; Windows NT 6.0; ru-RU) AppleWebKit/528.16 (KHTML, like Gecko) Version/4.0 Safari/528.16","browser":{"name":"Safari","version":"4.0","major":"4"},"engine":{"name":"WebKit","version":"528.16"},"os":{"name":"Windows","version":"Vista"},"device":{},"cpu":{}},{"ua":"Mozilla/5.0 (Windows; U; Windows NT 6.0; ja-JP) AppleWebKit/528.16 (KHTML, like Gecko) Version/4.0 Safari/528.16","browser":{"name":"Safari","version":"4.0","major":"4"},"engine":{"name":"WebKit","version":"528.16"},"os":{"name":"Windows","version":"Vista"},"device":{},"cpu":{}},{"ua":"Mozilla/5.0 (Windows; U; Windows NT 6.0; hu-HU) AppleWebKit/528.16 (KHTML, like Gecko) Version/4.0 Safari/528.16","browser":{"name":"Safari","version":"4.0","major":"4"},"engine":{"name":"WebKit","version":"528.16"},"os":{"name":"Windows","version":"Vista"},"device":{},"cpu":{}},{"ua":"Mozilla/5.0 (Windows; U; Windows NT 6.0; he-IL) AppleWebKit/528.16 (KHTML, like Gecko) Version/4.0 Safari/528.16","browser":{"name":"Safari","version":"4.0","major":"4"},"engine":{"name":"WebKit","version":"528.16"},"os":{"name":"Windows","version":"Vista"},"device":{},"cpu":{}},{"ua":"Mozilla/5.0 (Windows; U; Windows NT 6.0; he-IL) AppleWebKit/528+ (KHTML, like Gecko) Version/4.0 Safari/528.16","browser":{"name":"Safari","version":"4.0","major":"4"},"engine":{"name":"WebKit","version":"528"},"os":{"name":"Windows","version":"Vista"},"device":{},"cpu":{}},{"ua":"Mozilla/5.0 (Windows; U; Windows NT 6.0; fr-FR) AppleWebKit/528.16 (KHTML, like Gecko) Version/4.0 Safari/528.16","browser":{"name":"Safari","version":"4.0","major":"4"},"engine":{"name":"WebKit","version":"528.16"},"os":{"name":"Windows","version":"Vista"},"device":{},"cpu":{}},{"ua":"Mozilla/5.0 (Windows; U; Windows NT 6.0; es-es) AppleWebKit/528.16 (KHTML, like Gecko) Version/4.0 Safari/528.16","browser":{"name":"Safari","version":"4.0","major":"4"},"engine":{"name":"WebKit","version":"528.16"},"os":{"name":"Windows","version":"Vista"},"device":{},"cpu":{}},{"ua":"Mozilla/5.0 (Windows; U; Windows NT 6.0; en-US) AppleWebKit/528.16 (KHTML, like Gecko) Version/4.0 Safari/528.16","browser":{"name":"Safari","version":"4.0","major":"4"},"engine":{"name":"WebKit","version":"528.16"},"os":{"name":"Windows","version":"Vista"},"device":{},"cpu":{}},{"ua":"Mozilla/5.0 (Windows; U; Windows NT 6.0; en) AppleWebKit/528.16 (KHTML, like Gecko) Version/4.0 Safari/528.16","browser":{"name":"Safari","version":"4.0","major":"4"},"engine":{"name":"WebKit","version":"528.16"},"os":{"name":"Windows","version":"Vista"},"device":{},"cpu":{}},{"ua":"Mozilla/5.0 (Windows; U; Windows NT 6.0; de-DE) AppleWebKit/528.16 (KHTML, like Gecko) Version/4.0 Safari/528.16","browser":{"name":"Safari","version":"4.0","major":"4"},"engine":{"name":"WebKit","version":"528.16"},"os":{"name":"Windows","version":"Vista"},"device":{},"cpu":{}},{"ua":"Mozilla/5.0 (Windows; U; Windows NT 5.1; zh-TW) AppleWebKit/528.16 (KHTML, like Gecko) Version/4.0 Safari/528.16","browser":{"name":"Safari","version":"4.0","major":"4"},"engine":{"name":"WebKit","version":"528.16"},"os":{"name":"Windows","version":"XP"},"device":{},"cpu":{}},{"ua":"Mozilla/5.0 (Windows; U; Windows NT 5.1; zh-CN) AppleWebKit/528.16 (KHTML, like Gecko) Version/4.0 Safari/528.16","browser":{"name":"Safari","version":"4.0","major":"4"},"engine":{"name":"WebKit","version":"528.16"},"os":{"name":"Windows","version":"XP"},"device":{},"cpu":{}},{"ua":"Mozilla/5.0 (Windows; U; Windows NT 5.1; sv-SE) AppleWebKit/528.16 (KHTML, like Gecko) Version/4.0 Safari/528.16","browser":{"name":"Safari","version":"4.0","major":"4"},"engine":{"name":"WebKit","version":"528.16"},"os":{"name":"Windows","version":"XP"},"device":{},"cpu":{}},{"ua":"Mozilla/5.0 (Windows; U; Windows NT 5.1; ru-RU) AppleWebKit/528.16 (KHTML, like Gecko) Version/4.0 Safari/528.16","browser":{"name":"Safari","version":"4.0","major":"4"},"engine":{"name":"WebKit","version":"528.16"},"os":{"name":"Windows","version":"XP"},"device":{},"cpu":{}},{"ua":"Mozilla/5.0 (Windows; U; Windows NT 5.1; pt-PT) AppleWebKit/528.16 (KHTML, like Gecko) Version/4.0 Safari/528.16","browser":{"name":"Safari","version":"4.0","major":"4"},"engine":{"name":"WebKit","version":"528.16"},"os":{"name":"Windows","version":"XP"},"device":{},"cpu":{}},{"ua":"Mozilla/5.0 (Windows; U; Windows NT 5.1; pt-BR) AppleWebKit/528.16 (KHTML, like Gecko) Version/4.0 Safari/528.16","browser":{"name":"Safari","version":"4.0","major":"4"},"engine":{"name":"WebKit","version":"528.16"},"os":{"name":"Windows","version":"XP"},"device":{},"cpu":{}},{"ua":"Mozilla/5.0 (Windows; U; Windows NT 5.1; nb-NO) AppleWebKit/528.16 (KHTML, like Gecko) Version/4.0 Safari/528.16","browser":{"name":"Safari","version":"4.0","major":"4"},"engine":{"name":"WebKit","version":"528.16"},"os":{"name":"Windows","version":"XP"},"device":{},"cpu":{}},{"ua":"Mozilla/5.0 (Windows; U; Windows NT 5.1; hu-HU) AppleWebKit/528.16 (KHTML, like Gecko) Version/4.0 Safari/528.16","browser":{"name":"Safari","version":"4.0","major":"4"},"engine":{"name":"WebKit","version":"528.16"},"os":{"name":"Windows","version":"XP"},"device":{},"cpu":{}},{"ua":"Mozilla/5.0 (Windows; U; Windows NT 5.1; fr-FR) AppleWebKit/528.16 (KHTML, like Gecko) Version/4.0 Safari/528.16","browser":{"name":"Safari","version":"4.0","major":"4"},"engine":{"name":"WebKit","version":"528.16"},"os":{"name":"Windows","version":"XP"},"device":{},"cpu":{}},{"ua":"Mozilla/5.0 (Windows; U; Windows NT 5.1; fi-FI) AppleWebKit/528.16 (KHTML, like Gecko) Version/4.0 Safari/528.16","browser":{"name":"Safari","version":"4.0","major":"4"},"engine":{"name":"WebKit","version":"528.16"},"os":{"name":"Windows","version":"XP"},"device":{},"cpu":{}},{"ua":"Mozilla/5.0 (Windows; U; Windows NT 5.1; cs-CZ) AppleWebKit/525.28.3 (KHTML, like Gecko) Version/3.2.3 Safari/525.29","browser":{"name":"Safari","version":"3.2.3","major":"3"},"engine":{"name":"WebKit","version":"525.28.3"},"os":{"name":"Windows","version":"XP"},"device":{},"cpu":{}},{"ua":"Mozilla/5.0 (Windows; U; Windows NT 6.1; de-DE) AppleWebKit/525.28 (KHTML, like Gecko) Version/3.2.2 Safari/525.28.1","browser":{"name":"Safari","version":"3.2.2","major":"3"},"engine":{"name":"WebKit","version":"525.28"},"os":{"name":"Windows","version":"7"},"device":{},"cpu":{}},{"ua":"Mozilla/5.0 (Windows; U; Windows NT 5.2; en-US) AppleWebKit/525.28 (KHTML, like Gecko) Version/3.2.2 Safari/525.28.1","browser":{"name":"Safari","version":"3.2.2","major":"3"},"engine":{"name":"WebKit","version":"525.28"},"os":{"name":"Windows","version":"XP"},"device":{},"cpu":{}},{"ua":"Mozilla/5.0 (Windows; U; Windows NT 5.2; de-DE) AppleWebKit/528+ (KHTML, like Gecko) Version/3.2.2 Safari/525.28.1","browser":{"name":"Safari","version":"3.2.2","major":"3"},"engine":{"name":"WebKit","version":"528"},"os":{"name":"Windows","version":"XP"},"device":{},"cpu":{}},{"ua":"Mozilla/5.0 (Windows; U; Windows NT 5.1; ru-RU) AppleWebKit/525.28 (KHTML, like Gecko) Version/3.2.2 Safari/525.28.1","browser":{"name":"Safari","version":"3.2.2","major":"3"},"engine":{"name":"WebKit","version":"525.28"},"os":{"name":"Windows","version":"XP"},"device":{},"cpu":{}},{"ua":"Mozilla/5.0 (Windows; U; Windows NT 5.1; nb-NO) AppleWebKit/525.28 (KHTML, like Gecko) Version/3.2.2 Safari/525.28.1","browser":{"name":"Safari","version":"3.2.2","major":"3"},"engine":{"name":"WebKit","version":"525.28"},"os":{"name":"Windows","version":"XP"},"device":{},"cpu":{}},{"ua":"Mozilla/5.0 (Windows; U; Windows NT 5.1; ko-KR) AppleWebKit/525.28 (KHTML, like Gecko) Version/3.2.2 Safari/525.28.1","browser":{"name":"Safari","version":"3.2.2","major":"3"},"engine":{"name":"WebKit","version":"525.28"},"os":{"name":"Windows","version":"XP"},"device":{},"cpu":{}},{"ua":"Mozilla/5.0 (Windows; U; Windows NT 5.1; fr-FR) AppleWebKit/525.28 (KHTML, like Gecko) Version/3.2.2 Safari/525.28.1","browser":{"name":"Safari","version":"3.2.2","major":"3"},"engine":{"name":"WebKit","version":"525.28"},"os":{"name":"Windows","version":"XP"},"device":{},"cpu":{}},{"ua":"Mozilla/5.0 (Windows; U; Windows NT 5.1; es-ES) AppleWebKit/525.28 (KHTML, like Gecko) Version/3.2.2 Safari/525.28.1","browser":{"name":"Safari","version":"3.2.2","major":"3"},"engine":{"name":"WebKit","version":"525.28"},"os":{"name":"Windows","version":"XP"},"device":{},"cpu":{}},{"ua":"Mozilla/5.0 (Windows; U; Windows NT 5.1; en-US) AppleWebKit/525.28 (KHTML, like Gecko) Version/3.2.2 Safari/525.28.1","browser":{"name":"Safari","version":"3.2.2","major":"3"},"engine":{"name":"WebKit","version":"525.28"},"os":{"name":"Windows","version":"XP"},"device":{},"cpu":{}},{"ua":"Mozilla/5.0 (Windows; U; Windows NT 6.0; sv-SE) AppleWebKit/525.27.1 (KHTML, like Gecko) Version/3.2.1 Safari/525.27.1","browser":{"name":"Safari","version":"3.2.1","major":"3"},"engine":{"name":"WebKit","version":"525.27.1"},"os":{"name":"Windows","version":"Vista"},"device":{},"cpu":{}},{"ua":"Mozilla/5.0 (Windows; U; Windows NT 5.2; de-DE) AppleWebKit/528+ (KHTML, like Gecko) Version/3.2.1 Safari/525.27.1","browser":{"name":"Safari","version":"3.2.1","major":"3"},"engine":{"name":"WebKit","version":"528"},"os":{"name":"Windows","version":"XP"},"device":{},"cpu":{}},{"ua":"Mozilla/5.0 (Windows; U; Windows NT 5.1; ja-JP) AppleWebKit/525.27.1 (KHTML, like Gecko) Version/3.2.1 Safari/525.27.1","browser":{"name":"Safari","version":"3.2.1","major":"3"},"engine":{"name":"WebKit","version":"525.27.1"},"os":{"name":"Windows","version":"XP"},"device":{},"cpu":{}},{"ua":"Mozilla/5.0 (Windows; U; Windows NT 6.0; hu-HU) AppleWebKit/525.26.2 (KHTML, like Gecko) Version/3.2 Safari/525.26.13","browser":{"name":"Safari","version":"3.2","major":"3"},"engine":{"name":"WebKit","version":"525.26.2"},"os":{"name":"Windows","version":"Vista"},"device":{},"cpu":{}},{"ua":"Mozilla/5.0 (Windows; U; Windows NT 5.1; ru-RU) AppleWebKit/525.26.2 (KHTML, like Gecko) Version/3.2 Safari/525.26.13","browser":{"name":"Safari","version":"3.2","major":"3"},"engine":{"name":"WebKit","version":"525.26.2"},"os":{"name":"Windows","version":"XP"},"device":{},"cpu":{}},{"ua":"Mozilla/5.0 (Windows; U; Windows NT 6.0; pl-PL) AppleWebKit/525.19 (KHTML, like Gecko) Version/3.1.2 Safari/525.21","browser":{"name":"Safari","version":"3.1.2","major":"3"},"engine":{"name":"WebKit","version":"525.19"},"os":{"name":"Windows","version":"Vista"},"device":{},"cpu":{}},{"ua":"Mozilla/5.0 (Windows; U; Windows NT 6.0; fr-FR) AppleWebKit/525.19 (KHTML, like Gecko) Version/3.1.2 Safari/525.21","browser":{"name":"Safari","version":"3.1.2","major":"3"},"engine":{"name":"WebKit","version":"525.19"},"os":{"name":"Windows","version":"Vista"},"device":{},"cpu":{}},{"ua":"Mozilla/5.0 (Windows; U; Windows NT 6.0; en-US) AppleWebKit/525.19 (KHTML, like Gecko) Version/3.1.2 Safari/525.21","browser":{"name":"Safari","version":"3.1.2","major":"3"},"engine":{"name":"WebKit","version":"525.19"},"os":{"name":"Windows","version":"Vista"},"device":{},"cpu":{}},{"ua":"Mozilla/5.0 (Windows; U; Windows NT 5.2; pt-BR) AppleWebKit/525.19 (KHTML, like Gecko) Version/3.1.2 Safari/525.21","browser":{"name":"Safari","version":"3.1.2","major":"3"},"engine":{"name":"WebKit","version":"525.19"},"os":{"name":"Windows","version":"XP"},"device":{},"cpu":{}},{"ua":"Mozilla/5.0 (Windows; U; Windows NT 5.1; pl-PL) AppleWebKit/525.19 (KHTML, like Gecko) Version/3.1.2 Safari/525.21","browser":{"name":"Safari","version":"3.1.2","major":"3"},"engine":{"name":"WebKit","version":"525.19"},"os":{"name":"Windows","version":"XP"},"device":{},"cpu":{}},{"ua":"Mozilla/5.0 (Windows; U; Windows NT 5.1; it-IT) AppleWebKit/525.19 (KHTML, like Gecko) Version/3.1.2 Safari/525.21","browser":{"name":"Safari","version":"3.1.2","major":"3"},"engine":{"name":"WebKit","version":"525.19"},"os":{"name":"Windows","version":"XP"},"device":{},"cpu":{}},{"ua":"Mozilla/5.0 (Windows; U; Windows NT 5.1; it-IT) AppleWebKit/525+ (KHTML, like Gecko) Version/3.1.2 Safari/525.21","browser":{"name":"Safari","version":"3.1.2","major":"3"},"engine":{"name":"WebKit","version":"525"},"os":{"name":"Windows","version":"XP"},"device":{},"cpu":{}},{"ua":"Mozilla/5.0 (Windows; U; Windows NT 5.1; fr-FR) AppleWebKit/525.19 (KHTML, like Gecko) Version/3.1.2 Safari/525.21","browser":{"name":"Safari","version":"3.1.2","major":"3"},"engine":{"name":"WebKit","version":"525.19"},"os":{"name":"Windows","version":"XP"},"device":{},"cpu":{}},{"ua":"Mozilla/5.0 (Windows; U; Windows NT 5.1; en-GB) AppleWebKit/525.19 (KHTML, like Gecko) Version/3.1.2 Safari/525.21","browser":{"name":"Safari","version":"3.1.2","major":"3"},"engine":{"name":"WebKit","version":"525.19"},"os":{"name":"Windows","version":"XP"},"device":{},"cpu":{}},{"ua":"Mozilla/5.0 (Windows; U; Windows NT 6.0; en-US) AppleWebKit/525.18 (KHTML, like Gecko) Version/3.1.1 Safari/525.17","browser":{"name":"Safari","version":"3.1.1","major":"3"},"engine":{"name":"WebKit","version":"525.18"},"os":{"name":"Windows","version":"Vista"},"device":{},"cpu":{}},{"ua":"Mozilla/5.0 (Windows; U; Windows NT 5.1; pl-PL) AppleWebKit/525.18 (KHTML, like Gecko) Version/3.1.1 Safari/525.17","browser":{"name":"Safari","version":"3.1.1","major":"3"},"engine":{"name":"WebKit","version":"525.18"},"os":{"name":"Windows","version":"XP"},"device":{},"cpu":{}},{"ua":"Mozilla/5.0 (Windows; U; Windows NT 5.1; en-US) AppleWebKit/525.18 (KHTML, like Gecko) Version/3.1.1 Safari/525.17","browser":{"name":"Safari","version":"3.1.1","major":"3"},"engine":{"name":"WebKit","version":"525.18"},"os":{"name":"Windows","version":"XP"},"device":{},"cpu":{}},{"ua":"Mozilla/5.0 (Windows; U; Windows NT 5.1; en-US) AppleWebKit/525+ (KHTML, like Gecko) Version/3.1.1 Safari/525.17","browser":{"name":"Safari","version":"3.1.1","major":"3"},"engine":{"name":"WebKit","version":"525"},"os":{"name":"Windows","version":"XP"},"device":{},"cpu":{}},{"ua":"Mozilla/5.0 (Windows; U; Windows NT 5.1; ca-es) AppleWebKit/525.18 (KHTML, like Gecko) Version/3.1.1 Safari/525.20","browser":{"name":"Safari","version":"3.1.1","major":"3"},"engine":{"name":"WebKit","version":"525.18"},"os":{"name":"Windows","version":"XP"},"device":{},"cpu":{}},{"ua":"Mozilla/5.0 (Windows; U; Windows NT 5.2; ru-RU) AppleWebKit/525.13 (KHTML, like Gecko) Version/3.1 Safari/525.13.3","browser":{"name":"Safari","version":"3.1","major":"3"},"engine":{"name":"WebKit","version":"525.13"},"os":{"name":"Windows","version":"XP"},"device":{},"cpu":{}},{"ua":"Mozilla/5.0 (Windows; U; Windows NT 5.1; zh-TW) AppleWebKit/525.13 (KHTML, like Gecko) Version/3.1 Safari/525.13","browser":{"name":"Safari","version":"3.1","major":"3"},"engine":{"name":"WebKit","version":"525.13"},"os":{"name":"Windows","version":"XP"},"device":{},"cpu":{}},{"ua":"Mozilla/5.0 (Windows; U; Windows NT 5.1; es-ES) AppleWebKit/525.13 (KHTML, like Gecko) Version/3.1 Safari/525.13","browser":{"name":"Safari","version":"3.1","major":"3"},"engine":{"name":"WebKit","version":"525.13"},"os":{"name":"Windows","version":"XP"},"device":{},"cpu":{}},{"ua":"Mozilla/5.0 (Windows; U; Windows NT 5.1; da-DK) AppleWebKit/525.13 (KHTML, like Gecko) Version/3.1 Safari/525.13.3","browser":{"name":"Safari","version":"3.1","major":"3"},"engine":{"name":"WebKit","version":"525.13"},"os":{"name":"Windows","version":"XP"},"device":{},"cpu":{}},{"ua":"Mozilla/5.0 (Windows; U; Windows NT 6.0; en) AppleWebKit/525+ (KHTML, like Gecko) Version/3.0.4 Safari/523.11","browser":{"name":"Safari","version":"3.0.4","major":"3"},"engine":{"name":"WebKit","version":"525"},"os":{"name":"Windows","version":"Vista"},"device":{},"cpu":{}},{"ua":"Mozilla/5.0 (Windows; U; Windows NT 5.1; da-dk) AppleWebKit/523.15.1 (KHTML, like Gecko) Version/3.0.4 Safari/523.15","browser":{"name":"Safari","version":"3.0.4","major":"3"},"engine":{"name":"WebKit","version":"523.15.1"},"os":{"name":"Windows","version":"XP"},"device":{},"cpu":{}},{"ua":"Mozilla/5.0 (Windows; U; Windows NT 6.0; en) AppleWebKit/522.15.5 (KHTML, like Gecko) Version/3.0.3 Safari/522.15.5","browser":{"name":"Safari","version":"3.0.3","major":"3"},"engine":{"name":"WebKit","version":"522.15.5"},"os":{"name":"Windows","version":"Vista"},"device":{},"cpu":{}},{"ua":"Mozilla/5.0 (Windows; U; Windows NT 6.0; cs) AppleWebKit/522.15.5 (KHTML, like Gecko) Version/3.0.3 Safari/522.15.5","browser":{"name":"Safari","version":"3.0.3","major":"3"},"engine":{"name":"WebKit","version":"522.15.5"},"os":{"name":"Windows","version":"Vista"},"device":{},"cpu":{}},{"ua":"Mozilla/5.0 (Windows; U; Windows NT 5.1; sv) AppleWebKit/522.15.5 (KHTML, like Gecko) Version/3.0.3 Safari/522.15.5","browser":{"name":"Safari","version":"3.0.3","major":"3"},"engine":{"name":"WebKit","version":"522.15.5"},"os":{"name":"Windows","version":"XP"},"device":{},"cpu":{}},{"ua":"Mozilla/5.0 (Windows; U; Windows NT 5.1; fr) AppleWebKit/522.15.5 (KHTML, like Gecko) Version/3.0.3 Safari/522.15.5","browser":{"name":"Safari","version":"3.0.3","major":"3"},"engine":{"name":"WebKit","version":"522.15.5"},"os":{"name":"Windows","version":"XP"},"device":{},"cpu":{}},{"ua":"Mozilla/5.0 (Windows; U; Windows NT 5.1; en) AppleWebKit/522.15.5 (KHTML, like Gecko) Version/3.0.3 Safari/522.15.5","browser":{"name":"Safari","version":"3.0.3","major":"3"},"engine":{"name":"WebKit","version":"522.15.5"},"os":{"name":"Windows","version":"XP"},"device":{},"cpu":{}},{"ua":"Mozilla/5.0 (Windows; U; Windows NT 5.1; de) AppleWebKit/522.15.5 (KHTML, like Gecko) Version/3.0.3 Safari/522.15.5","browser":{"name":"Safari","version":"3.0.3","major":"3"},"engine":{"name":"WebKit","version":"522.15.5"},"os":{"name":"Windows","version":"XP"},"device":{},"cpu":{}},{"ua":"Mozilla/5.0 (Windows; U; Windows NT 5.1; da-DK) AppleWebKit/523.11.1+ (KHTML, like Gecko) Version/3.0.3 Safari/522.15.5","browser":{"name":"Safari","version":"3.0.3","major":"3"},"engine":{"name":"WebKit","version":"523.11.1"},"os":{"name":"Windows","version":"XP"},"device":{},"cpu":{}},{"ua":"Mozilla/5.0 (Windows; U; Windows NT 5.1; da) AppleWebKit/522.15.5 (KHTML, like Gecko) Version/3.0.3 Safari/522.15.5","browser":{"name":"Safari","version":"3.0.3","major":"3"},"engine":{"name":"WebKit","version":"522.15.5"},"os":{"name":"Windows","version":"XP"},"device":{},"cpu":{}},{"ua":"Mozilla/5.0 (Windows; U; Windows NT 5.1; cs) AppleWebKit/522.15.5 (KHTML, like Gecko) Version/3.0.3 Safari/522.15.5","browser":{"name":"Safari","version":"3.0.3","major":"3"},"engine":{"name":"WebKit","version":"522.15.5"},"os":{"name":"Windows","version":"XP"},"device":{},"cpu":{}},{"ua":"Mozilla/5.0 (Windows; U; Windows NT 6.0; nl) AppleWebKit/522.13.1 (KHTML, like Gecko) Version/3.0.2 Safari/522.13.1","browser":{"name":"Safari","version":"3.0.2","major":"3"},"engine":{"name":"WebKit","version":"522.13.1"},"os":{"name":"Windows","version":"Vista"},"device":{},"cpu":{}},{"ua":"Mozilla/5.0 (Windows; U; Windows NT 5.2; zh) AppleWebKit/522.13.1 (KHTML, like Gecko) Version/3.0.2 Safari/522.13.1","browser":{"name":"Safari","version":"3.0.2","major":"3"},"engine":{"name":"WebKit","version":"522.13.1"},"os":{"name":"Windows","version":"XP"},"device":{},"cpu":{}},{"ua":"Mozilla/5.0 (Windows; U; Windows NT 5.2; en) AppleWebKit/522.13.1 (KHTML, like Gecko) Version/3.0.2 Safari/522.13.1","browser":{"name":"Safari","version":"3.0.2","major":"3"},"engine":{"name":"WebKit","version":"522.13.1"},"os":{"name":"Windows","version":"XP"},"device":{},"cpu":{}},{"ua":"Mozilla/5.0 (Windows; U; Windows NT 5.1; nl) AppleWebKit/522.13.1 (KHTML, like Gecko) Version/3.0.2 Safari/522.13.1","browser":{"name":"Safari","version":"3.0.2","major":"3"},"engine":{"name":"WebKit","version":"522.13.1"},"os":{"name":"Windows","version":"XP"},"device":{},"cpu":{}},{"ua":"Mozilla/5.0 (Windows; U; Windows NT 5.1; it) AppleWebKit/522.13.1 (KHTML, like Gecko) Version/3.0.2 Safari/522.13.1","browser":{"name":"Safari","version":"3.0.2","major":"3"},"engine":{"name":"WebKit","version":"522.13.1"},"os":{"name":"Windows","version":"XP"},"device":{},"cpu":{}},{"ua":"Mozilla/5.0 (Windows; U; Windows NT 5.1; en) AppleWebKit/522.13.1 (KHTML, like Gecko) Version/3.0.2 Safari/522.13.1","browser":{"name":"Safari","version":"3.0.2","major":"3"},"engine":{"name":"WebKit","version":"522.13.1"},"os":{"name":"Windows","version":"XP"},"device":{},"cpu":{}},{"ua":"Mozilla/5.0 (Windows; U; Windows NT 5.1; el) AppleWebKit/522.13.1 (KHTML, like Gecko) Version/3.0.2 Safari/522.13.1","browser":{"name":"Safari","version":"3.0.2","major":"3"},"engine":{"name":"WebKit","version":"522.13.1"},"os":{"name":"Windows","version":"XP"},"device":{},"cpu":{}},{"ua":"Mozilla/5.0 (Windows; U; Windows NT 5.1; cs) AppleWebKit/522.13.1 (KHTML, like Gecko) Version/3.0.2 Safari/522.13.1","browser":{"name":"Safari","version":"3.0.2","major":"3"},"engine":{"name":"WebKit","version":"522.13.1"},"os":{"name":"Windows","version":"XP"},"device":{},"cpu":{}},{"ua":"Mozilla/5.0 (Windows; U; Windows NT 6.0; fi) AppleWebKit/522.12.1 (KHTML, like Gecko) Version/3.0.1 Safari/522.12.2","browser":{"name":"Safari","version":"3.0.1","major":"3"},"engine":{"name":"WebKit","version":"522.12.1"},"os":{"name":"Windows","version":"Vista"},"device":{},"cpu":{}},{"ua":"Mozilla/5.0 (Windows; U; Windows NT 6.0; en) AppleWebKit/522.12.1 (KHTML, like Gecko) Version/3.0.1 Safari/522.12.2","browser":{"name":"Safari","version":"3.0.1","major":"3"},"engine":{"name":"WebKit","version":"522.12.1"},"os":{"name":"Windows","version":"Vista"},"device":{},"cpu":{}},{"ua":"Mozilla/5.0 (Windows; U; Windows NT 5.1; th) AppleWebKit/522.12.1 (KHTML, like Gecko) Version/3.0.1 Safari/522.12.2","browser":{"name":"Safari","version":"3.0.1","major":"3"},"engine":{"name":"WebKit","version":"522.12.1"},"os":{"name":"Windows","version":"XP"},"device":{},"cpu":{}},{"ua":"Mozilla/5.0 (Windows; U; Windows NT 5.1; sv) AppleWebKit/522.12.1 (KHTML, like Gecko) Version/3.0.1 Safari/522.12.2","browser":{"name":"Safari","version":"3.0.1","major":"3"},"engine":{"name":"WebKit","version":"522.12.1"},"os":{"name":"Windows","version":"XP"},"device":{},"cpu":{}},{"ua":"Mozilla/5.0 (Windows; U; Windows NT 5.1; nl) AppleWebKit/522.12.1 (KHTML, like Gecko) Version/3.0.1 Safari/522.12.2","browser":{"name":"Safari","version":"3.0.1","major":"3"},"engine":{"name":"WebKit","version":"522.12.1"},"os":{"name":"Windows","version":"XP"},"device":{},"cpu":{}},{"ua":"Mozilla/5.0 (Windows; U; Windows NT 5.1; en) AppleWebKit/522.4.1+ (KHTML, like Gecko) Version/3.0.1 Safari/522.12.2","browser":{"name":"Safari","version":"3.0.1","major":"3"},"engine":{"name":"WebKit","version":"522.4.1"},"os":{"name":"Windows","version":"XP"},"device":{},"cpu":{}},{"ua":"Mozilla/5.0 (Windows; U; Windows NT 5.1; en) AppleWebKit/522.12.1 (KHTML, like Gecko) Version/3.0.1 Safari/522.12.2","browser":{"name":"Safari","version":"3.0.1","major":"3"},"engine":{"name":"WebKit","version":"522.12.1"},"os":{"name":"Windows","version":"XP"},"device":{},"cpu":{}},{"ua":"Mozilla/5.0 (Windows; U; Windows NT 5.0; en) AppleWebKit/522.12.1 (KHTML, like Gecko) Version/3.0.1 Safari/522.12.2","browser":{"name":"Safari","version":"3.0.1","major":"3"},"engine":{"name":"WebKit","version":"522.12.1"},"os":{"name":"Windows","version":"2000"},"device":{},"cpu":{}},{"ua":"Mozilla/5.0 (Windows; U; Windows NT 6.0; sv-SE) AppleWebKit/523.13 (KHTML, like Gecko) Version/3.0 Safari/523.13","browser":{"name":"Safari","version":"3.0","major":"3"},"engine":{"name":"WebKit","version":"523.13"},"os":{"name":"Windows","version":"Vista"},"device":{},"cpu":{}},{"ua":"Mozilla/5.0 (Windows; U; Windows NT 6.0; nl) AppleWebKit/522.11.3 (KHTML, like Gecko) Version/3.0 Safari/522.11.3","browser":{"name":"Safari","version":"3.0","major":"3"},"engine":{"name":"WebKit","version":"522.11.3"},"os":{"name":"Windows","version":"Vista"},"device":{},"cpu":{}},{"ua":"Mozilla/5.0 (Windows; U; Windows NT 6.0; en-US) AppleWebKit/523.15 (KHTML, like Gecko) Version/3.0 Safari/523.15","browser":{"name":"Safari","version":"3.0","major":"3"},"engine":{"name":"WebKit","version":"523.15"},"os":{"name":"Windows","version":"Vista"},"device":{},"cpu":{}},{"ua":"Mozilla/5.0 (Windows; U; Windows NT 6.0; da-DK) AppleWebKit/523.12.9 (KHTML, like Gecko) Version/3.0 Safari/523.12.9","browser":{"name":"Safari","version":"3.0","major":"3"},"engine":{"name":"WebKit","version":"523.12.9"},"os":{"name":"Windows","version":"Vista"},"device":{},"cpu":{}},{"ua":"Mozilla/5.0 (Windows; U; Windows NT 5.2; pt) AppleWebKit/522.11.3 (KHTML, like Gecko) Version/3.0 Safari/522.11.3","browser":{"name":"Safari","version":"3.0","major":"3"},"engine":{"name":"WebKit","version":"522.11.3"},"os":{"name":"Windows","version":"XP"},"device":{},"cpu":{}},{"ua":"Mozilla/5.0 (Windows; U; Windows NT 5.2; nl) AppleWebKit/522.11.3 (KHTML, like Gecko) Version/3.0 Safari/522.11.3","browser":{"name":"Safari","version":"3.0","major":"3"},"engine":{"name":"WebKit","version":"522.11.3"},"os":{"name":"Windows","version":"XP"},"device":{},"cpu":{}},{"ua":"Mozilla/5.0 (Windows; U; Windows NT 5.1; zh-TW) AppleWebKit/523.15 (KHTML, like Gecko) Version/3.0 Safari/523.15","browser":{"name":"Safari","version":"3.0","major":"3"},"engine":{"name":"WebKit","version":"523.15"},"os":{"name":"Windows","version":"XP"},"device":{},"cpu":{}},{"ua":"Mozilla/5.0 (Windows; U; Windows NT 5.1; zh) AppleWebKit/522.11.3 (KHTML, like Gecko) Version/3.0 Safari/522.11.3","browser":{"name":"Safari","version":"3.0","major":"3"},"engine":{"name":"WebKit","version":"522.11.3"},"os":{"name":"Windows","version":"XP"},"device":{},"cpu":{}},{"ua":"Mozilla/5.0 (Windows; U; Windows NT 5.1; tr-TR) AppleWebKit/523.15 (KHTML, like Gecko) Version/3.0 Safari/523.15","browser":{"name":"Safari","version":"3.0","major":"3"},"engine":{"name":"WebKit","version":"523.15"},"os":{"name":"Windows","version":"XP"},"device":{},"cpu":{}},{"ua":"Mozilla/5.0 (Windows; U; Windows NT 5.1; sv) AppleWebKit/522.11.3 (KHTML, like Gecko) Version/3.0 Safari/522.11.3","browser":{"name":"Safari","version":"3.0","major":"3"},"engine":{"name":"WebKit","version":"522.11.3"},"os":{"name":"Windows","version":"XP"},"device":{},"cpu":{}},{"ua":"Mozilla/5.0 (Windows; U; Windows NT 5.1; ru) AppleWebKit/522.11.3 (KHTML, like Gecko) Version/3.0 Safari/522.11.3","browser":{"name":"Safari","version":"3.0","major":"3"},"engine":{"name":"WebKit","version":"522.11.3"},"os":{"name":"Windows","version":"XP"},"device":{},"cpu":{}},{"ua":"Mozilla/5.0 (Windows; U; Windows NT 5.1; pt-BR) AppleWebKit/525+ (KHTML, like Gecko) Version/3.0 Safari/523.15","browser":{"name":"Safari","version":"3.0","major":"3"},"engine":{"name":"WebKit","version":"525"},"os":{"name":"Windows","version":"XP"},"device":{},"cpu":{}},{"ua":"Mozilla/5.0 (Windows; U; Windows NT 5.1; pt-BR) AppleWebKit/523.15 (KHTML, like Gecko) Version/3.0 Safari/523.15","browser":{"name":"Safari","version":"3.0","major":"3"},"engine":{"name":"WebKit","version":"523.15"},"os":{"name":"Windows","version":"XP"},"device":{},"cpu":{}},{"ua":"Mozilla/5.0 (Windows; U; Windows NT 5.1; pl-PL) AppleWebKit/523.15 (KHTML, like Gecko) Version/3.0 Safari/523.15","browser":{"name":"Safari","version":"3.0","major":"3"},"engine":{"name":"WebKit","version":"523.15"},"os":{"name":"Windows","version":"XP"},"device":{},"cpu":{}},{"ua":"Mozilla/5.0 (Windows; U; Windows NT 5.1; pl-PL) AppleWebKit/523.12.9 (KHTML, like Gecko) Version/3.0 Safari/523.12.9","browser":{"name":"Safari","version":"3.0","major":"3"},"engine":{"name":"WebKit","version":"523.12.9"},"os":{"name":"Windows","version":"XP"},"device":{},"cpu":{}},{"ua":"Mozilla/5.0 (Windows; U; Windows NT 5.1; nl) AppleWebKit/522.11.3 (KHTML, like Gecko) Version/3.0 Safari/522.11.3","browser":{"name":"Safari","version":"3.0","major":"3"},"engine":{"name":"WebKit","version":"522.11.3"},"os":{"name":"Windows","version":"XP"},"device":{},"cpu":{}},{"ua":"Mozilla/5.0 (Windows; U; Windows NT 5.1; nb) AppleWebKit/522.11.3 (KHTML, like Gecko) Version/3.0 Safari/522.11.3","browser":{"name":"Safari","version":"3.0","major":"3"},"engine":{"name":"WebKit","version":"522.11.3"},"os":{"name":"Windows","version":"XP"},"device":{},"cpu":{}},{"ua":"Mozilla/5.0 (Windows; U; Windows NT 5.1; id) AppleWebKit/522.11.3 (KHTML, like Gecko) Version/3.0 Safari/522.11.3","browser":{"name":"Safari","version":"3.0","major":"3"},"engine":{"name":"WebKit","version":"522.11.3"},"os":{"name":"Windows","version":"XP"},"device":{},"cpu":{}},{"ua":"Mozilla/5.0 (Windows; U; Windows NT 5.1; hr) AppleWebKit/522.11.3 (KHTML, like Gecko) Version/3.0 Safari/522.11.3","browser":{"name":"Safari","version":"3.0","major":"3"},"engine":{"name":"WebKit","version":"522.11.3"},"os":{"name":"Windows","version":"XP"},"device":{},"cpu":{}},{"ua":"Mozilla/5.0 (Windows; U; Windows NT 5.1; fr-FR) AppleWebKit/523.15 (KHTML, like Gecko) Version/3.0 Safari/523.15","browser":{"name":"Safari","version":"3.0","major":"3"},"engine":{"name":"WebKit","version":"523.15"},"os":{"name":"Windows","version":"XP"},"device":{},"cpu":{}},{"ua":"Mozilla/5.0 (Windows NT 5.1) AppleWebKit/534.34 (KHTML, like Gecko) Dooble/1.40 Safari/534.34","browser":{"name":"Safari"},"engine":{"name":"WebKit","version":"534.34"},"os":{"name":"Windows","version":"XP"},"device":{},"cpu":{}},{"ua":"Mozilla/5.0 (Windows; U; Windows NT 5.1; pt-BR) AppleWebKit/534.12 (KHTML, like Gecko) WeltweitimnetzBrowser/0.25 Safari/534.12","browser":{"name":"Safari"},"engine":{"name":"WebKit","version":"534.12"},"os":{"name":"Windows","version":"XP"},"device":{},"cpu":{}},{"ua":"Mozilla/5.0 (Windows; U; Windows NT 5.1; pt-BR) AppleWebKit/533.3 (KHTML, like Gecko) WeltweitimnetzBrowser/0.25 Safari/533.3","browser":{"name":"Safari"},"engine":{"name":"WebKit","version":"533.3"},"os":{"name":"Windows","version":"XP"},"device":{},"cpu":{}},{"ua":"Mozilla/5.0 (Windows; U; Windows NT 5.1; pt-BR) AppleWebKit/532.4 (KHTML, like Gecko) WeltweitimnetzBrowser/0.25 Safari/532.4","browser":{"name":"Safari"},"engine":{"name":"WebKit","version":"532.4"},"os":{"name":"Windows","version":"XP"},"device":{},"cpu":{}},{"ua":"Mozilla/5.0 (Windows; U; Windows NT 6.1; cs-CZ) AppleWebKit/533.20.25 (KHTML, like Gecko) Version/5.0.4 Safari/533.20.27","browser":{"name":"Safari","version":"5.0.4","major":"5"},"engine":{"name":"WebKit","version":"533.20.25"},"os":{"name":"Windows","version":"7"},"device":{},"cpu":{}},{"ua":"Mozilla/5.0 (Windows NT 10.0; Win64; x64) AppleWebKit/537.36 (KHTML, like Gecko) Chrome72.0.3626.121  Safari/537.36","browser":{"name":"Safari"},"engine":{"name":"WebKit","version":"537.36"},"os":{"name":"Windows","version":"10"},"device":{},"cpu":{"architecture":"amd64"}},{"ua":"Mozilla/5.0 (Windows; U; Windows NT 6.1; en-US) AppleWebKit/533.20.25 (KHTML, like Gecko) Version/5.0.4 Safari/533.20.27","browser":{"name":"Safari","version":"5.0.4","major":"5"},"engine":{"name":"WebKit","version":"533.20.25"},"os":{"name":"Windows","version":"7"},"device":{},"cpu":{}},{"ua":"Mozilla/5.0 (Windows; U; Windows NT 6.1; en-US) AppleWebKit/533.20.25 (KHTML, like Gecko) Version/5.0.4 Safari/533.20.27","browser":{"name":"Safari","version":"5.0.4","major":"5"},"engine":{"name":"WebKit","version":"533.20.25"},"os":{"name":"Windows","version":"7"},"device":{},"cpu":{}},{"ua":"Mozilla/5.0 (Windows; U; Windows NT 6.1; en-US) AppleWebKit/533.20.25 (KHTML, like Gecko) Version/5.0.4 Safari/533.20.27","browser":{"name":"Safari","version":"5.0.4","major":"5"},"engine":{"name":"WebKit","version":"533.20.25"},"os":{"name":"Windows","version":"7"},"device":{},"cpu":{}},{"ua":"Mozilla/5.0 (Windows; U; Windows NT 6.1; en-US) AppleWebKit/530.19.2 (KHTML, like Gecko) Version/4.0.2 Safari/530.19.1","browser":{"name":"Safari","version":"4.0.2","major":"4"},"engine":{"name":"WebKit","version":"530.19.2"},"os":{"name":"Windows","version":"7"},"device":{},"cpu":{}},{"ua":"Mozilla/5.0 (Windows; U; Windows NT 6.1; ko-KR) AppleWebKit/533.20.25 (KHTML, like Gecko) Version/5.0.4 Safari/533.20.27","browser":{"name":"Safari","version":"5.0.4","major":"5"},"engine":{"name":"WebKit","version":"533.20.25"},"os":{"name":"Windows","version":"7"},"device":{},"cpu":{}},{"ua":"Mozilla/5.0 (Windows; U; Windows NT 6.1; cs-CZ) AppleWebKit/533.20.25 (KHTML, like Gecko) Version/5.0.4 Safari/533.20.27","browser":{"name":"Safari","version":"5.0.4","major":"5"},"engine":{"name":"WebKit","version":"533.20.25"},"os":{"name":"Windows","version":"7"},"device":{},"cpu":{}},{"ua":"Mozilla/5.0 (Windows; U; Windows NT 6.1; ko-KR) AppleWebKit/533.20.25 (KHTML, like Gecko) Version/5.0.4 Safari/533.20.27","browser":{"name":"Safari","version":"5.0.4","major":"5"},"engine":{"name":"WebKit","version":"533.20.25"},"os":{"name":"Windows","version":"7"},"device":{},"cpu":{}},{"ua":"Mozilla/5.0 (Windows; U; Windows NT 6.1; ko-KR) AppleWebKit/533.20.25 (KHTML, like Gecko) Version/5.0.4 Safari/533.20.27","browser":{"name":"Safari","version":"5.0.4","major":"5"},"engine":{"name":"WebKit","version":"533.20.25"},"os":{"name":"Windows","version":"7"},"device":{},"cpu":{}},{"ua":"Mozilla/5.0 (Windows; U; Windows NT 6.1; en-US) AppleWebKit/533.20.25 (KHTML, like Gecko) Version/5.0.4 Safari/533.20.27","browser":{"name":"Safari","version":"5.0.4","major":"5"},"engine":{"name":"WebKit","version":"533.20.25"},"os":{"name":"Windows","version":"7"},"device":{},"cpu":{}}]