[{"ua":"Mozilla/5.0 (iPad; CPU OS 11_3 like Mac OS X) AppleWebKit/605.1.15 (KHTML, like Gecko) Version/11.0 Tablet/15E148 Safari/604.1","browser":{"name":"Safari","version":"11.0","major":"11"},"engine":{"name":"WebKit","version":"605.1.15"},"os":{"name":"iOS","version":"11.3"},"device":{"vendor":"Apple","model":"iPad","type":"tablet"},"cpu":{}},{"ua":"Mozilla/5.0 (iPhone; CPU iPhone OS 13_3_1 like Mac OS X) AppleWebKit/605.1.15 (KHTML, like Gecko) Version/13.0.5 Mobile/15E148 Snapchat/10.77.0.54 (like Safari/604.1)","browser":{"name":"Safari","version":"13.0.5","major":"13"},"engine":{"name":"WebKit","version":"605.1.15"},"os":{"name":"iOS","version":"13.3.1"},"device":{"vendor":"Apple","model":"iPhone","type":"mobile"},"cpu":{}},{"ua":"Mozilla/5.0 (iPhone; CPU iPhone OS 13_3_1 like Mac OS X) AppleWebKit/605.1.15 (KHTML, like Gecko) Version/13.0.5 Mobile/15E148 Snapchat/10.77.5.59 (like Safari/604.1)","browser":{"name":"Safari","version":"13.0.5","major":"13"},"engine":{"name":"WebKit","version":"605.1.15"},"os":{"name":"iOS","version":"13.3.1"},"device":{"vendor":"Apple","model":"iPhone","type":"mobile"},"cpu":{}},{"ua":"Mozilla/5.0 (iPhone; CPU iPhone OS 13_3_1 like Mac OS X) AppleWebKit/605.1.15 (KHTML, like Gecko) Version/13.0.5 Mobile/15E148 Snapchat/10.77.5.59 (like Safari/604.1)","browser":{"name":"Safari","version":"13.0.5","major":"13"},"engine":{"name":"WebKit","version":"605.1.15"},"os":{"name":"iOS","version":"13.3.1"},"device":{"vendor":"Apple","model":"iPhone","type":"mobile"},"cpu":{}},{"ua":"Mozilla/5.0 (iPhone; CPU iPhone OS 13_3_1 like Mac OS X) AppleWebKit/605.1.15 (KHTML, like Gecko) Version/13.0.5 Mobile/15E148 Snapchat/10.77.5.59 (like Safari/604.1)","browser":{"name":"Safari","version":"13.0.5","major":"13"},"engine":{"name":"WebKit","version":"605.1.15"},"os":{"name":"iOS","version":"13.3.1"},"device":{"vendor":"Apple","model":"iPhone","type":"mobile"},"cpu":{}},{"ua":"Mozilla/5.0 (iPhone; CPU iPhone OS 13_3_1 like Mac OS X) AppleWebKit/605.1.15 (KHTML, like Gecko) Version/13.0.5 Mobile/15E148 Snapchat/10.77.5.59 (like Safari/604.1)","browser":{"name":"Safari","version":"13.0.5","major":"13"},"engine":{"name":"WebKit","version":"605.1.15"},"os":{"name":"iOS","version":"13.3.1"},"device":{"vendor":"Apple","model":"iPhone","type":"mobile"},"cpu":{}},{"ua":"Mozilla/5.0 (iPhone; CPU iPhone OS 13_3_1 like Mac OS X) AppleWebKit/605.1.15 (KHTML, like Gecko) Version/13.0.5 Mobile/15E148 Snapchat/10.77.5.59 (like Safari/604.1)","browser":{"name":"Safari","version":"13.0.5","major":"13"},"engine":{"name":"WebKit","version":"605.1.15"},"os":{"name":"iOS","version":"13.3.1"},"device":{"vendor":"Apple","model":"iPhone","type":"mobile"},"cpu":{}}]