[{"ua":"Mozilla/5.0 (Windows NT 6.1; Win64; x64) AppleWebKit/537.36 (KHTML, like Gecko) Chrome/64.0.3282.189 Safari/537.36 Vivaldi/1.95.1077.55","browser":{"name":"Vivaldi","version":"1.95.1077.55","major":"1"},"engine":{"name":"Blink","version":"64.0.3282.189"},"os":{"name":"Windows","version":"7"},"device":{},"cpu":{"architecture":"amd64"}},{"ua":"Mozilla/5.0 (Windows NT 10.0; Win64; x64) AppleWebKit/537.36 (KHTML, like Gecko) Chrome/65.0.3325.183 Safari/537.36 Vivaldi/1.97.1211.3","browser":{"name":"Vivaldi","version":"1.97.1211.3","major":"1"},"engine":{"name":"Blink","version":"65.0.3325.183"},"os":{"name":"Windows","version":"10"},"device":{},"cpu":{"architecture":"amd64"}},{"ua":"Mozilla/5.0 (Windows NT 10.0; Win64; x64) AppleWebKit/537.36 (KHTML, like Gecko) Chrome/72.0.3626.122 Safari/537.36 Vivaldi/2.3.1440.60","browser":{"name":"Vivaldi","version":"2.3.1440.60","major":"2"},"engine":{"name":"Blink","version":"72.0.3626.122"},"os":{"name":"Windows","version":"10"},"device":{},"cpu":{"architecture":"amd64"}},{"ua":"Mozilla/5.0 (Windows NT 10.0; Win64; x64) AppleWebKit/537.36 (KHTML, like Gecko) Chrome/72.0.3626.120 Safari/537.36 Vivaldi/2.3.1440.57","browser":{"name":"Vivaldi","version":"2.3.1440.57","major":"2"},"engine":{"name":"Blink","version":"72.0.3626.120"},"os":{"name":"Windows","version":"10"},"device":{},"cpu":{"architecture":"amd64"}},{"ua":"Mozilla/5.0 (Windows NT 10.0; Win64; x64) AppleWebKit/537.36 (KHTML, like Gecko) Chrome/71.0.3578.98 Safari/537.36 Vivaldi/2.2.1388.37","browser":{"name":"Vivaldi","version":"2.2.1388.37","major":"2"},"engine":{"name":"Blink","version":"71.0.3578.98"},"os":{"name":"Windows","version":"10"},"device":{},"cpu":{"architecture":"amd64"}},{"ua":"Mozilla/5.0 (Windows NT 10.0; WOW64) AppleWebKit/537.36 (KHTML, like Gecko) Chrome/71.0.3578.98 Safari/537.36 Vivaldi/2.2.1388.37","browser":{"name":"Vivaldi","version":"2.2.1388.37","major":"2"},"engine":{"name":"Blink","version":"71.0.3578.98"},"os":{"name":"Windows","version":"10"},"device":{},"cpu":{"architecture":"amd64"}},{"ua":"Mozilla/5.0 (Windows NT 10.0; Win64; x64) AppleWebKit/537.36 (KHTML, like Gecko) Chrome/72.0.3626.82 Safari/537.36 Vivaldi/2.3.1440.41","browser":{"name":"Vivaldi","version":"2.3.1440.41","major":"2"},"engine":{"name":"Blink","version":"72.0.3626.82"},"os":{"name":"Windows","version":"10"},"device":{},"cpu":{"architecture":"amd64"}},{"ua":"Mozilla/5.0 (Windows NT 10.0; Win64; x64) AppleWebKit/537.36 (KHTML, like Gecko) Chrome/73.0.3683.67 Safari/537.36 Vivaldi/2.4.1476.4","browser":{"name":"Vivaldi","version":"2.4.1476.4","major":"2"},"engine":{"name":"Blink","version":"73.0.3683.67"},"os":{"name":"Windows","version":"10"},"device":{},"cpu":{"architecture":"amd64"}},{"ua":"Mozilla/5.0 (Windows NT 10.0; Win64; x64) AppleWebKit/537.36 (KHTML, like Gecko) Chrome/74.0.3729.134 Safari/537.36 Vivaldi/2.5.1525.40","browser":{"name":"Vivaldi","version":"2.5.1525.40","major":"2"},"engine":{"name":"Blink","version":"74.0.3729.134"},"os":{"name":"Windows","version":"10"},"device":{},"cpu":{"architecture":"amd64"}},{"ua":"Mozilla/5.0 (Windows NT 6.1; Win64; x64) AppleWebKit/537.36 (KHTML, like Gecko) Chrome/70.0.3538.77 Safari/537.36 Vivaldi/2.1.1337.36","browser":{"name":"Vivaldi","version":"2.1.1337.36","major":"2"},"engine":{"name":"Blink","version":"70.0.3538.77"},"os":{"name":"Windows","version":"7"},"device":{},"cpu":{"architecture":"amd64"}},{"ua":"Mozilla/5.0 (Windows NT 10.0; Win64; x64) AppleWebKit/537.36 (KHTML, like Gecko) Chrome/73.0.3683.105 Safari/537.36 Vivaldi/2.4.1488.38","browser":{"name":"Vivaldi","version":"2.4.1488.38","major":"2"},"engine":{"name":"Blink","version":"73.0.3683.105"},"os":{"name":"Windows","version":"10"},"device":{},"cpu":{"architecture":"amd64"}},{"ua":"Mozilla/5.0 (Windows NT 10.0; WOW64) AppleWebKit/537.36 (KHTML, like Gecko) Chrome/69.0.3497.102 Safari/537.36 Vivaldi/2.0.1309.40","browser":{"name":"Vivaldi","version":"2.0.1309.40","major":"2"},"engine":{"name":"Blink","version":"69.0.3497.102"},"os":{"name":"Windows","version":"10"},"device":{},"cpu":{"architecture":"amd64"}},{"ua":"Mozilla/5.0 (Windows NT 10.0; Win64; x64) AppleWebKit/537.36 (KHTML, like Gecko) Chrome/74.0.3729.134 Safari/537.36 Vivaldi/2.5.1525.40","browser":{"name":"Vivaldi","version":"2.5.1525.40","major":"2"},"engine":{"name":"Blink","version":"74.0.3729.134"},"os":{"name":"Windows","version":"10"},"device":{},"cpu":{"architecture":"amd64"}},{"ua":"Mozilla/5.0 (Windows NT 10.0; Win64; x64) AppleWebKit/537.36 (KHTML, like Gecko) Chrome/75.0.3770.102 Safari/537.36 Vivaldi/2.6.1566.44","browser":{"name":"Vivaldi","version":"2.6.1566.44","major":"2"},"engine":{"name":"Blink","version":"75.0.3770.102"},"os":{"name":"Windows","version":"10"},"device":{},"cpu":{"architecture":"amd64"}},{"ua":"Mozilla/5.0 (Windows NT 10.0; WOW64) AppleWebKit/537.36 (KHTML, like Gecko) Chrome/75.0.3770.94 Safari/537.36 Vivaldi/2.6.1566.40","browser":{"name":"Vivaldi","version":"2.6.1566.40","major":"2"},"engine":{"name":"Blink","version":"75.0.3770.94"},"os":{"name":"Windows","version":"10"},"device":{},"cpu":{"architecture":"amd64"}},{"ua":"Mozilla/5.0 (Windows NT 6.1; WOW64) AppleWebKit/537.36 (KHTML, like Gecko) Chrome/74.0.3729.172 Safari/537.36 Vivaldi/2.5.1525.48","browser":{"name":"Vivaldi","version":"2.5.1525.48","major":"2"},"engine":{"name":"Blink","version":"74.0.3729.172"},"os":{"name":"Windows","version":"7"},"device":{},"cpu":{"architecture":"amd64"}},{"ua":"Mozilla/5.0 (Windows NT 10.0; Win64; x64) AppleWebKit/537.36 (KHTML, like Gecko) Chrome/74.0.3729.134 Safari/537.36 Vivaldi/2.5.1525.40","browser":{"name":"Vivaldi","version":"2.5.1525.40","major":"2"},"engine":{"name":"Blink","version":"74.0.3729.134"},"os":{"name":"Windows","version":"10"},"device":{},"cpu":{"architecture":"amd64"}},{"ua":"Mozilla/5.0 (Windows NT 6.1; WOW64) AppleWebKit/537.36 (KHTML, like Gecko) Chrome/77.0.3865.121 Safari/537.36 Vivaldi/2.8.1664.44","browser":{"name":"Vivaldi","version":"2.8.1664.44","major":"2"},"engine":{"name":"Blink","version":"77.0.3865.121"},"os":{"name":"Windows","version":"7"},"device":{},"cpu":{"architecture":"amd64"}},{"ua":"Mozilla/5.0 (Windows NT 10.0; Win64; x64) AppleWebKit/537.36 (KHTML, like Gecko) Chrome/78.0.3904.99 Safari/537.36 Vivaldi/2.9.1705.41","browser":{"name":"Vivaldi","version":"2.9.1705.41","major":"2"},"engine":{"name":"Blink","version":"78.0.3904.99"},"os":{"name":"Windows","version":"10"},"device":{},"cpu":{"architecture":"amd64"}},{"ua":"Mozilla/5.0 (Windows NT 6.1; WOW64) AppleWebKit/537.36 (KHTML, like Gecko) Chrome/77.0.3865.121 Safari/537.36 Vivaldi/2.8.1664.44","browser":{"name":"Vivaldi","version":"2.8.1664.44","major":"2"},"engine":{"name":"Blink","version":"77.0.3865.121"},"os":{"name":"Windows","version":"7"},"device":{},"cpu":{"architecture":"amd64"}},{"ua":"Mozilla/5.0 (Windows NT 6.1; WOW64) AppleWebKit/537.36 (KHTML, like Gecko) Chrome/74.0.3729.134 Safari/537.36 Vivaldi/2.5.1525.40","browser":{"name":"Vivaldi","version":"2.5.1525.40","major":"2"},"engine":{"name":"Blink","version":"74.0.3729.134"},"os":{"name":"Windows","version":"7"},"device":{},"cpu":{"architecture":"amd64"}},{"ua":"Mozilla/5.0 (Windows NT 10.0; Win64; x64) AppleWebKit/537.36 (KHTML, like Gecko) Chrome/74.0.3729.134 Safari/537.36 Vivaldi/2.5.1525.40","browser":{"name":"Vivaldi","version":"2.5.1525.40","major":"2"},"engine":{"name":"Blink","version":"74.0.3729.134"},"os":{"name":"Windows","version":"10"},"device":{},"cpu":{"architecture":"amd64"}},{"ua":"Mozilla/5.0 (Windows NT 10.0; WOW64) AppleWebKit/537.36 (KHTML, like Gecko) Chrome/70.0.3538.113 Safari/537.36 Vivaldi/2.1.1337.51","browser":{"name":"Vivaldi","version":"2.1.1337.51","major":"2"},"engine":{"name":"Blink","version":"70.0.3538.113"},"os":{"name":"Windows","version":"10"},"device":{},"cpu":{"architecture":"amd64"}},{"ua":"Mozilla/5.0 (Windows NT 10.0; WOW64) AppleWebKit/537.36 (KHTML, like Gecko) Chrome/75.0.3770.102 Safari/537.36 Vivaldi/2.6.1566.44","browser":{"name":"Vivaldi","version":"2.6.1566.44","major":"2"},"engine":{"name":"Blink","version":"75.0.3770.102"},"os":{"name":"Windows","version":"10"},"device":{},"cpu":{"architecture":"amd64"}},{"ua":"Mozilla/5.0 (Windows NT 10.0; Win64; x64) AppleWebKit/537.36 (KHTML, like Gecko) Chrome/62.0.3202.97 Safari/537.36 Vivaldi/1.94.1008.40","browser":{"name":"Vivaldi","version":"1.94.1008.40","major":"1"},"engine":{"name":"Blink","version":"62.0.3202.97"},"os":{"name":"Windows","version":"10"},"device":{},"cpu":{"architecture":"amd64"}},{"ua":"Mozilla/5.0 (Windows NT 10.0; Win64; x64) AppleWebKit/537.36 (KHTML, like Gecko) Chrome/78.0.3904.99 Safari/537.36 Vivaldi/2.9.1705.41","browser":{"name":"Vivaldi","version":"2.9.1705.41","major":"2"},"engine":{"name":"Blink","version":"78.0.3904.99"},"os":{"name":"Windows","version":"10"},"device":{},"cpu":{"architecture":"amd64"}},{"ua":"Mozilla/5.0 (Windows NT 10.0; WOW64) AppleWebKit/537.36 (KHTML, like Gecko) Chrome/90.0.4430.93 Safari/537.36 Vivaldi/3.7","browser":{"name":"Vivaldi","version":"3.7","major":"3"},"engine":{"name":"Blink","version":"90.0.4430.93"},"os":{"name":"Windows","version":"10"},"device":{},"cpu":{"architecture":"amd64"}},{"ua":"Mozilla/5.0 (Windows NT 10.0; Win64; x64) AppleWebKit/537.36 (KHTML, like Gecko) Chrome/90.0.4430.93 Safari/537.36 Vivaldi/3.7","browser":{"name":"Vivaldi","version":"3.7","major":"3"},"engine":{"name":"Blink","version":"90.0.4430.93"},"os":{"name":"Windows","version":"10"},"device":{},"cpu":{"architecture":"amd64"}},{"ua":"Mozilla/5.0 (Windows NT 10.0; WOW64) AppleWebKit/537.36 (KHTML, like Gecko) Chrome/90.0.4430.93 Safari/537.36 Vivaldi/3.7","browser":{"name":"Vivaldi","version":"3.7","major":"3"},"engine":{"name":"Blink","version":"90.0.4430.93"},"os":{"name":"Windows","version":"10"},"device":{},"cpu":{"architecture":"amd64"}},{"ua":"Mozilla/5.0 (Windows NT 6.1; Win64; x64) AppleWebKit/537.36 (KHTML, like Gecko) Chrome/70.0.3538.77 Safari/537.36 Vivaldi/2.1.1337.36","browser":{"name":"Vivaldi","version":"2.1.1337.36","major":"2"},"engine":{"name":"Blink","version":"70.0.3538.77"},"os":{"name":"Windows","version":"7"},"device":{},"cpu":{"architecture":"amd64"}},{"ua":"Mozilla/5.0 (Windows NT 10.0; WOW64) AppleWebKit/537.36 (KHTML, like Gecko) Chrome/90.0.4430.93 Safari/537.36 Vivaldi/3.7","browser":{"name":"Vivaldi","version":"3.7","major":"3"},"engine":{"name":"Blink","version":"90.0.4430.93"},"os":{"name":"Windows","version":"10"},"device":{},"cpu":{"architecture":"amd64"}}]