[{"ua":"Mozilla/5.0 (Windows NT 10.0; Win64; x64; rv:55.0) Gecko/20100101 Firefox/55.2.2 Waterfox/55.2.2","browser":{"name":"Waterfox","version":"55.2.2","major":"55"},"engine":{"name":"Gecko","version":"55.0"},"os":{"name":"Windows","version":"10"},"device":{},"cpu":{"architecture":"amd64"}},{"ua":"Mozilla/5.0 (Windows NT 6.1; Win64; x64; rv:65.0) Gecko/20100101 Firefox/65.0 Waterfox/56.2.7","browser":{"name":"Waterfox","version":"56.2.7","major":"56"},"engine":{"name":"Gecko","version":"65.0"},"os":{"name":"Windows","version":"7"},"device":{},"cpu":{"architecture":"amd64"}},{"ua":"Mozilla/5.0 (Windows NT 6.1; Win64; x64; rv:56.0) Gecko/20100101 Firefox/56.0 Waterfox/56.2.11","browser":{"name":"Waterfox","version":"56.2.11","major":"56"},"engine":{"name":"Gecko","version":"56.0"},"os":{"name":"Windows","version":"7"},"device":{},"cpu":{"architecture":"amd64"}},{"ua":"Mozilla/5.0 (Windows NT 10.0; Win64; x64; rv:56.0) Gecko/20100101 Firefox/56.0 Waterfox/56.2.11","browser":{"name":"Waterfox","version":"56.2.11","major":"56"},"engine":{"name":"Gecko","version":"56.0"},"os":{"name":"Windows","version":"10"},"device":{},"cpu":{"architecture":"amd64"}},{"ua":"Mozilla/5.0 (Windows NT 6.3; Win64; x64; rv:56.0) Gecko/20100101 Firefox/56.0 Waterfox/56.3","browser":{"name":"Waterfox","version":"56.3","major":"56"},"engine":{"name":"Gecko","version":"56.0"},"os":{"name":"Windows","version":"8.1"},"device":{},"cpu":{"architecture":"amd64"}},{"ua":"Mozilla/5.0 (Windows NT 10.0; Win64; x64; rv:56.0) Gecko/20100101 Firefox/56.0 Waterfox/56.3","browser":{"name":"Waterfox","version":"56.3","major":"56"},"engine":{"name":"Gecko","version":"56.0"},"os":{"name":"Windows","version":"10"},"device":{},"cpu":{"architecture":"amd64"}},{"ua":"Mozilla/5.0 (Windows NT 10.0; Win64; x64; rv:56.0) Gecko/20100101 Firefox/56.0 Waterfox/56.3","browser":{"name":"Waterfox","version":"56.3","major":"56"},"engine":{"name":"Gecko","version":"56.0"},"os":{"name":"Windows","version":"10"},"device":{},"cpu":{"architecture":"amd64"}},{"ua":"Mozilla/5.0 (Windows NT 6.3; Win64; x64; rv:56.0) Gecko/20100101 Firefox/56.0 Waterfox/56.3","browser":{"name":"Waterfox","version":"56.3","major":"56"},"engine":{"name":"Gecko","version":"56.0"},"os":{"name":"Windows","version":"8.1"},"device":{},"cpu":{"architecture":"amd64"}},{"ua":"Mozilla/5.0 (Windows NT 10.0; Win64; x64; rv:56.0) Gecko/20100101 Firefox/56.0 Waterfox/56.3","browser":{"name":"Waterfox","version":"56.3","major":"56"},"engine":{"name":"Gecko","version":"56.0"},"os":{"name":"Windows","version":"10"},"device":{},"cpu":{"architecture":"amd64"}},{"ua":"Mozilla/5.0 (Windows NT 6.1; Win64; x64; rv:56.0) Gecko/20100101 Firefox/56.0 Waterfox/56.3","browser":{"name":"Waterfox","version":"56.3","major":"56"},"engine":{"name":"Gecko","version":"56.0"},"os":{"name":"Windows","version":"7"},"device":{},"cpu":{"architecture":"amd64"}},{"ua":"Mozilla/5.0 (Windows NT 10.0; Win64; x64; rv:56.0) Gecko/20100101 Firefox/56.0 Waterfox/56.3","browser":{"name":"Waterfox","version":"56.3","major":"56"},"engine":{"name":"Gecko","version":"56.0"},"os":{"name":"Windows","version":"10"},"device":{},"cpu":{"architecture":"amd64"}},{"ua":"Mozilla/5.0 (Windows NT 10.0; Win64; x64; rv:56.0) Gecko/20100101 Firefox/56.0 Waterfox/56.3","browser":{"name":"Waterfox","version":"56.3","major":"56"},"engine":{"name":"Gecko","version":"56.0"},"os":{"name":"Windows","version":"10"},"device":{},"cpu":{"architecture":"amd64"}},{"ua":"Mozilla/5.0 (Windows NT 10.0; Win64; x64; rv:78.0) Gecko/20100101 Firefox/78.0 Waterfox/78.6.0","browser":{"name":"Waterfox","version":"78.6.0","major":"78"},"engine":{"name":"Gecko","version":"78.0"},"os":{"name":"Windows","version":"10"},"device":{},"cpu":{"architecture":"amd64"}},{"ua":"Mozilla/5.0 (Windows NT 6.1; Win64; x64; rv:56.0) Gecko/20100101 Firefox/56.0 Waterfox/56.3","browser":{"name":"Waterfox","version":"56.3","major":"56"},"engine":{"name":"Gecko","version":"56.0"},"os":{"name":"Windows","version":"7"},"device":{},"cpu":{"architecture":"amd64"}},{"ua":"Mozilla/5.0 (Windows NT 6.3; Win64; x64; rv:56.0) Gecko/20100101 Firefox/56.0 Waterfox/56.3","browser":{"name":"Waterfox","version":"56.3","major":"56"},"engine":{"name":"Gecko","version":"56.0"},"os":{"name":"Windows","version":"8.1"},"device":{},"cpu":{"architecture":"amd64"}},{"ua":"Mozilla/5.0 (Windows NT 10.0; Win64; x64; rv:78.0) Gecko/20100101 Firefox/78.0 Waterfox/78.8.0","browser":{"name":"Waterfox","version":"78.8.0","major":"78"},"engine":{"name":"Gecko","version":"78.0"},"os":{"name":"Windows","version":"10"},"device":{},"cpu":{"architecture":"amd64"}},{"ua":"Mozilla/5.0 (Windows NT 10.0; Win64; x64; rv:56.0) Gecko/20100101 Firefox/56.0 Waterfox/56.5","browser":{"name":"Waterfox","version":"56.5","major":"56"},"engine":{"name":"Gecko","version":"56.0"},"os":{"name":"Windows","version":"10"},"device":{},"cpu":{"architecture":"amd64"}},{"ua":"Mozilla/5.0 (Windows NT 6.3; Win64; x64; rv:78.0) Gecko/20100101 Firefox/78.0 Waterfox/78.8.0","browser":{"name":"Waterfox","version":"78.8.0","major":"78"},"engine":{"name":"Gecko","version":"78.0"},"os":{"name":"Windows","version":"8.1"},"device":{},"cpu":{"architecture":"amd64"}},{"ua":"Mozilla/5.0 (Windows NT 10.0; Win64; x64; rv:48.0) Gecko/20100101 Firefox/48.0.1 Waterfox/48.0.1","browser":{"name":"Waterfox","version":"48.0.1","major":"48"},"engine":{"name":"Gecko","version":"48.0"},"os":{"name":"Windows","version":"10"},"device":{},"cpu":{"architecture":"amd64"}},{"ua":"Mozilla/5.0 (Windows NT 10.0; Win64; x64; rv:78.0) Gecko/20100101 Firefox/78.0 Waterfox/78.6.0","browser":{"name":"Waterfox","version":"78.6.0","major":"78"},"engine":{"name":"Gecko","version":"78.0"},"os":{"name":"Windows","version":"10"},"device":{},"cpu":{"architecture":"amd64"}},{"ua":"Mozilla/5.0 (Windows NT 6.1; Win64; x64; rv:56.0) Gecko/20100101 Firefox/56.0 Waterfox/56.5","browser":{"name":"Waterfox","version":"56.5","major":"56"},"engine":{"name":"Gecko","version":"56.0"},"os":{"name":"Windows","version":"7"},"device":{},"cpu":{"architecture":"amd64"}},{"ua":"Mozilla/5.0 (Windows NT 10.0; Win64; x64; rv:78.0) Gecko/20100101 Firefox/78.0 Waterfox/78.7.0","browser":{"name":"Waterfox","version":"78.7.0","major":"78"},"engine":{"name":"Gecko","version":"78.0"},"os":{"name":"Windows","version":"10"},"device":{},"cpu":{"architecture":"amd64"}},{"ua":"Mozilla/5.0 (Windows NT 10.0; Win64; x64; rv:78.0) Gecko/20100101 Firefox/78.0 Waterfox/78.9.0","browser":{"name":"Waterfox","version":"78.9.0","major":"78"},"engine":{"name":"Gecko","version":"78.0"},"os":{"name":"Windows","version":"10"},"device":{},"cpu":{"architecture":"amd64"}},{"ua":"Mozilla/5.0 (Windows NT 10.0; Win64; x64; rv:56.0) Gecko/20100101 Firefox/56.0 Waterfox/56.3","browser":{"name":"Waterfox","version":"56.3","major":"56"},"engine":{"name":"Gecko","version":"56.0"},"os":{"name":"Windows","version":"10"},"device":{},"cpu":{"architecture":"amd64"}},{"ua":"Mozilla/5.0 (Windows NT 10.0; Win64; x64; rv:56.0) Gecko/20100101 Firefox/56.0 Waterfox/56.5","browser":{"name":"Waterfox","version":"56.5","major":"56"},"engine":{"name":"Gecko","version":"56.0"},"os":{"name":"Windows","version":"10"},"device":{},"cpu":{"architecture":"amd64"}},{"ua":"Mozilla/5.0 (Windows NT 6.1; Win64; x64; rv:56.0) Gecko/20100101 Firefox/56.0 Waterfox/56.3","browser":{"name":"Waterfox","version":"56.3","major":"56"},"engine":{"name":"Gecko","version":"56.0"},"os":{"name":"Windows","version":"7"},"device":{},"cpu":{"architecture":"amd64"}},{"ua":"Mozilla/5.0 (Windows NT 10.0; Win64; x64; rv:78.0) Gecko/20100101 Firefox/78.0 Waterfox/78.10.0","browser":{"name":"Waterfox","version":"78.10.0","major":"78"},"engine":{"name":"Gecko","version":"78.0"},"os":{"name":"Windows","version":"10"},"device":{},"cpu":{"architecture":"amd64"}},{"ua":"Mozilla/5.0 (Windows NT 10.0; Win64; x64; rv:78.0) Gecko/20100101 Firefox/78.0 Waterfox/78.12.0","browser":{"name":"Waterfox","version":"78.12.0","major":"78"},"engine":{"name":"Gecko","version":"78.0"},"os":{"name":"Windows","version":"10"},"device":{},"cpu":{"architecture":"amd64"}},{"ua":"Mozilla/5.0 (Windows NT 10.0; Win64; x64; rv:56.0) Gecko/20100101 Firefox/56.0 Waterfox/56.5","browser":{"name":"Waterfox","version":"56.5","major":"56"},"engine":{"name":"Gecko","version":"56.0"},"os":{"name":"Windows","version":"10"},"device":{},"cpu":{"architecture":"amd64"}},{"ua":"Mozilla/5.0 (Windows NT 10.0; Win64; x64; rv:91.0) Gecko/20100101 Firefox/91.0 Waterfox/91.3.1","browser":{"name":"Waterfox","version":"91.3.1","major":"91"},"engine":{"name":"Gecko","version":"91.0"},"os":{"name":"Windows","version":"10"},"device":{},"cpu":{"architecture":"amd64"}},{"ua":"Mozilla/5.0 (Windows NT 10.0; Win64; x64; rv:91.0) Gecko/20100101 Firefox/91.0 Waterfox/91.6.0","browser":{"name":"Waterfox","version":"91.6.0","major":"91"},"engine":{"name":"Gecko","version":"91.0"},"os":{"name":"Windows","version":"10"},"device":{},"cpu":{"architecture":"amd64"}},{"ua":"Mozilla/5.0 (Windows NT 10.0; Win64; x64; rv:91.0) Gecko/20100101 Firefox/91.0 Waterfox/91.5.0","browser":{"name":"Waterfox","version":"91.5.0","major":"91"},"engine":{"name":"Gecko","version":"91.0"},"os":{"name":"Windows","version":"10"},"device":{},"cpu":{"architecture":"amd64"}},{"ua":"Mozilla/5.0 (Windows NT 10.0; Win64; x64; rv:56.0) Gecko/20100101 Firefox/56.0 Waterfox/56.5","browser":{"name":"Waterfox","version":"56.5","major":"56"},"engine":{"name":"Gecko","version":"56.0"},"os":{"name":"Windows","version":"10"},"device":{},"cpu":{"architecture":"amd64"}},{"ua":"Mozilla/5.0 (Windows NT 10.0; Win64; x64; rv:68.0) Gecko/20100101 Firefox/68.0 Waterfox/56.6.2022.04","browser":{"name":"Waterfox","version":"56.6.2022.04","major":"56"},"engine":{"name":"Gecko","version":"68.0"},"os":{"name":"Windows","version":"10"},"device":{},"cpu":{"architecture":"amd64"}},{"ua":"Mozilla/5.0 (Windows NT 10.0; Win64; x64; rv:91.0) Gecko/20100101 Firefox/91.0 Waterfox/91.10.0","browser":{"name":"Waterfox","version":"91.10.0","major":"91"},"engine":{"name":"Gecko","version":"91.0"},"os":{"name":"Windows","version":"10"},"device":{},"cpu":{"architecture":"amd64"}},{"ua":"Mozilla/5.0 (Windows NT 6.1; Win64; x64; rv:91.0) Gecko/20100101 Firefox/91.0 Waterfox/91.10.0","browser":{"name":"Waterfox","version":"91.10.0","major":"91"},"engine":{"name":"Gecko","version":"91.0"},"os":{"name":"Windows","version":"7"},"device":{},"cpu":{"architecture":"amd64"}},{"ua":"Mozilla/5.0 (Windows NT 6.1; Win64; x64; rv:68.0) Gecko/20100101 Firefox/68.0 Waterfox/56.6.2022.08","browser":{"name":"Waterfox","version":"56.6.2022.08","major":"56"},"engine":{"name":"Gecko","version":"68.0"},"os":{"name":"Windows","version":"7"},"device":{},"cpu":{"architecture":"amd64"}},{"ua":"Mozilla/5.0 (Windows NT 10.0; Win64; x64; rv:68.0) Gecko/20100101 Firefox/68.0 Waterfox/56.6.2022.08","browser":{"name":"Waterfox","version":"56.6.2022.08","major":"56"},"engine":{"name":"Gecko","version":"68.0"},"os":{"name":"Windows","version":"10"},"device":{},"cpu":{"architecture":"amd64"}},{"ua":"Mozilla/5.0 (Windows NT 10.0; Win64; x64; rv:78.0) Gecko/20100101 Firefox/78.0 Waterfox/78.14.0","browser":{"name":"Waterfox","version":"78.14.0","major":"78"},"engine":{"name":"Gecko","version":"78.0"},"os":{"name":"Windows","version":"10"},"device":{},"cpu":{"architecture":"amd64"}},{"ua":"Mozilla/5.0 (Windows NT 10.0; Win64; x64; rv:56.0) Gecko/20100101 Firefox/56.0 Waterfox/56.2.14","browser":{"name":"Waterfox","version":"56.2.14","major":"56"},"engine":{"name":"Gecko","version":"56.0"},"os":{"name":"Windows","version":"10"},"device":{},"cpu":{"architecture":"amd64"}},{"ua":"Mozilla/5.0 (Windows NT 10.0; Win64; x64; rv:56.0) Gecko/20100101 Firefox/56.0 Waterfox/56.5","browser":{"name":"Waterfox","version":"56.5","major":"56"},"engine":{"name":"Gecko","version":"56.0"},"os":{"name":"Windows","version":"10"},"device":{},"cpu":{"architecture":"amd64"}},{"ua":"Mozilla/5.0 (Windows NT 10.0; Win64; x64; rv:68.0) Gecko/20100101 Firefox/68.0 Waterfox/56.6.2022.11","browser":{"name":"Waterfox","version":"56.6.2022.11","major":"56"},"engine":{"name":"Gecko","version":"68.0"},"os":{"name":"Windows","version":"10"},"device":{},"cpu":{"architecture":"amd64"}}]