[{"ua":"Mozilla/5.0 (X11; Linux i686; U;) AppleWebKit/146.1 (KHTML, like Gecko) Kazehakase0.4.5","browser":{"name":"WebKit","version":"146.1","major":"146"},"engine":{"name":"WebKit","version":"146.1"},"os":{"name":"Linux","version":"i686"},"device":{},"cpu":{"architecture":"ia32"}},{"ua":"Mozilla/5.0 (X11; U; Linux i686; en-us) AppleWebKit/146.1 (KHTML, like Gecko) osb-browser/0.5","browser":{"name":"WebKit","version":"146.1","major":"146"},"engine":{"name":"WebKit","version":"146.1"},"os":{"name":"Linux","version":"i686"},"device":{},"cpu":{"architecture":"ia32"}},{"ua":"Webkit/1.1.8 (Linux; en_US) Uzbl","browser":{"name":"Webkit","version":"1.1.8","major":"1"},"engine":{"name":"Webkit","version":"1.1.8"},"os":{"name":"Linux"},"device":{},"cpu":{}},{"ua":"Webkit/1.1.8 (Linux; en-us) Uzbl","browser":{"name":"Webkit","version":"1.1.8","major":"1"},"engine":{"name":"Webkit","version":"1.1.8"},"os":{"name":"Linux"},"device":{},"cpu":{}},{"ua":"Mozilla/5.0 (Linux mips; U; en;) AppleWebKit/534.1 (Grundig;J5;08.005.03;) CE-HTML/1.0 ARCELIKAS HbbTV/1.1.1 (OWB;Arcelik_Gen2;RC_V1;Arcelik;J5;J5GRMR.-.-.-.-.V08.005.03;en-TR;wired;prod;)","browser":{"name":"WebKit","version":"534.1","major":"534"},"engine":{"name":"WebKit","version":"534.1"},"os":{"name":"Linux","version":"mips"},"device":{"vendor":"Arcelik_Gen2","model":"RC_V1","type":"smarttv"},"cpu":{"architecture":"mips"}}]