[{"ua":"Mozilla/5.0 (Windows; U; Windows NT 6.1; en-US) AppleWebKit/533+ (KHTML, like Gecko) Element Browser 5.0","browser":{"name":"WebKit","version":"533","major":"533"},"engine":{"name":"WebKit","version":"533"},"os":{"name":"Windows","version":"7"},"device":{},"cpu":{}},{"ua":"Mozilla/5.0 (Windows; U; Windows NT 5.1; pt-BR) AppleWebKit/533.3 (KHTML, like Gecko)  QtWeb Internet Browser/3.7 http://www.QtWeb.net","browser":{"name":"WebKit","version":"533.3","major":"533"},"engine":{"name":"WebKit","version":"533.3"},"os":{"name":"Windows","version":"XP"},"device":{},"cpu":{}},{"ua":"Mozilla/5.0 (Windows; U; Windows NT 5.1; en-US) AppleWebKit/527+ (KHTML, like Gecko)  QtWeb Internet Browser/3.0 http://www.QtWeb.net","browser":{"name":"WebKit","version":"527","major":"527"},"engine":{"name":"WebKit","version":"527"},"os":{"name":"Windows","version":"XP"},"device":{},"cpu":{}},{"ua":"Mozilla/5.0 (Windows; U; Windows NT 5.1; en-US) AppleWebKit/527+ (KHTML, like Gecko)  QtWeb Internet Browser/2.0 http://www.QtWeb.net","browser":{"name":"WebKit","version":"527","major":"527"},"engine":{"name":"WebKit","version":"527"},"os":{"name":"Windows","version":"XP"},"device":{},"cpu":{}},{"ua":"Mozilla/5.0 (Windows; U; Windows NT 6.0; en-US) AppleWebKit/527+ (KHTML, like Gecko)  QtWeb Internet Browser/1.7 http://www.QtWeb.net","browser":{"name":"WebKit","version":"527","major":"527"},"engine":{"name":"WebKit","version":"527"},"os":{"name":"Windows","version":"Vista"},"device":{},"cpu":{}},{"ua":"Mozilla/5.0 (Windows; U; Windows NT 5.1; es-CO) AppleWebKit/527+ (KHTML, like Gecko)  QtWeb Internet Browser/1.7 http://www.QtWeb.net","browser":{"name":"WebKit","version":"527","major":"527"},"engine":{"name":"WebKit","version":"527"},"os":{"name":"Windows","version":"XP"},"device":{},"cpu":{}},{"ua":"Mozilla/5.0 (Windows; U; Windows NT 5.1; en-US) AppleWebKit/527+ (KHTML, like Gecko)  QtWeb Internet Browser/1.7 http://www.QtWeb.net","browser":{"name":"WebKit","version":"527","major":"527"},"engine":{"name":"WebKit","version":"527"},"os":{"name":"Windows","version":"XP"},"device":{},"cpu":{}},{"ua":"Mozilla/5.0 (Windows; U; Windows NT 5.1; tr-TR) AppleWebKit/527+ (KHTML, like Gecko)  QtWeb Internet Browser/1.5 http://www.QtWeb.net","browser":{"name":"WebKit","version":"527","major":"527"},"engine":{"name":"WebKit","version":"527"},"os":{"name":"Windows","version":"XP"},"device":{},"cpu":{}},{"ua":"Mozilla/5.0 (Windows; U; Windows NT 5.1; en-US) AppleWebKit/527+ (KHTML, like Gecko)  QtWeb Internet Browser/1.5 http://www.QtWeb.net","browser":{"name":"WebKit","version":"527","major":"527"},"engine":{"name":"WebKit","version":"527"},"os":{"name":"Windows","version":"XP"},"device":{},"cpu":{}},{"ua":"Mozilla/5.0 (Windows; U; Windows NT 5.1; en-US) AppleWebKit/527+ (KHTML, like Gecko)  QtWeb Internet Browser/1.2 http://www.QtWeb.net","browser":{"name":"WebKit","version":"527","major":"527"},"engine":{"name":"WebKit","version":"527"},"os":{"name":"Windows","version":"XP"},"device":{},"cpu":{}},{"ua":"Mozilla/5.0 (Windows; U; Windows NT 5.1; en-US) AppleWebKit/523.15 (KHTML, like Gecko)  QtWeb Internet Browser/1.2 http://www.QtWeb.net","browser":{"name":"WebKit","version":"523.15","major":"523"},"engine":{"name":"WebKit","version":"523.15"},"os":{"name":"Windows","version":"XP"},"device":{},"cpu":{}},{"ua":"Mozilla/5.0 (Windows; U; Windows NT 5.1; en-GB) AppleWebKit/523.15 (KHTML, like Gecko)  QtWeb Internet Browser/1.2 http://www.QtWeb.net","browser":{"name":"WebKit","version":"523.15","major":"523"},"engine":{"name":"WebKit","version":"523.15"},"os":{"name":"Windows","version":"XP"},"device":{},"cpu":{}},{"ua":"Mozilla/5.0 (Windows; U; Windows NT 6.1; zh-CN) AppleWebKit/533+ (KHTML, like Gecko)","browser":{"name":"WebKit","version":"533","major":"533"},"engine":{"name":"WebKit","version":"533"},"os":{"name":"Windows","version":"7"},"device":{},"cpu":{}},{"ua":"Mozilla/5.0 (Windows; U; Windows NT 5.1; en-US) AppleWebKit/528.8 (KHTML, like Gecko)","browser":{"name":"WebKit","version":"528.8","major":"528"},"engine":{"name":"WebKit","version":"528.8"},"os":{"name":"Windows","version":"XP"},"device":{},"cpu":{}},{"ua":"Mozilla/5.0 (Windows NT 10.0; Win64; x64) AppleWebKit/537.36 (KHTML","browser":{"name":"WebKit","version":"537.36","major":"537"},"engine":{"name":"WebKit","version":"537.36"},"os":{"name":"Windows","version":"10"},"device":{},"cpu":{"architecture":"amd64"}},{"ua":"Mozilla/5.0 (Windows NT 6.2) AppleWebKit/602.1 (KHTML, like Gecko) Otter/1.0.02","browser":{"name":"WebKit","version":"602.1","major":"602"},"engine":{"name":"WebKit","version":"602.1"},"os":{"name":"Windows","version":"8"},"device":{},"cpu":{}}]