[{"ua":"Mozilla/5.0 (iPhone; CPU iPhone OS 12_3_1 like Mac OS X) AppleWebKit/605.1.15 (KHTML, like Gecko) Mobile/15E148 MicroMessenger/7.0.12(0x17000c2f) NetType/4G Language/zh_CN wechatdevtools qcloudcdn-xinan  uacq","browser":{"name":"WeChat","version":"7.0.12","major":"7"},"engine":{"name":"WebKit","version":"605.1.15"},"os":{"name":"iOS","version":"12.3.1"},"device":{"vendor":"Apple","model":"iPhone","type":"mobile"},"cpu":{}},{"ua":"Mozilla/5.0 (iPhone; CPU iPhone OS 16_5_1 like Mac OS X) AppleWebKit/605.1.15 (KHTML, like Gecko) Mobile/15E148 MicroMessenger/8.0.38(0x1800262b) NetType/WIFI Language/zh_CN qcloudcdn-xinan Request-Source=4 Request-Channel=99","browser":{"name":"WeChat","version":"8.0.38","major":"8"},"engine":{"name":"WebKit","version":"605.1.15"},"os":{"name":"iOS","version":"16.5.1"},"device":{"vendor":"Apple","model":"iPhone","type":"mobile"},"cpu":{}},{"ua":"Mozilla/5.0 (iPhone; CPU iPhone OS 16_5_1 like Mac OS X) AppleWebKit/605.1.15 (KHTML, like Gecko) Mobile/15E148 MicroMessenger/8.0.38(0x1800262b) NetType/WIFI Language/zh_CN qcloudcdn-xinan Request-Source=4 Request-Channel=99","browser":{"name":"WeChat","version":"8.0.38","major":"8"},"engine":{"name":"WebKit","version":"605.1.15"},"os":{"name":"iOS","version":"16.5.1"},"device":{"vendor":"Apple","model":"iPhone","type":"mobile"},"cpu":{}}]