[{"ua":"Mozilla/5.0 (Macintosh; Intel Mac OS X 10_15_7) AppleWebKit/537.36 (KHTML, like Gecko) Chrome/90.0.4430.232 Whale/2.10.124.26 Safari/537.36","browser":{"name":"Whale","version":"2.10.124.26","major":"2"},"engine":{"name":"Blink","version":"90.0.4430.232"},"os":{"name":"Mac OS","version":"10.15.7"},"device":{},"cpu":{}},{"ua":"Mozilla/5.0 (Macintosh; Intel Mac OS X 10_15_7) AppleWebKit/537.36 (KHTML, like Gecko) Chrome/100.0.4896.151 Whale/3.14.134.62 Safari/537.36","browser":{"name":"Whale","version":"3.14.134.62","major":"3"},"engine":{"name":"Blink","version":"100.0.4896.151"},"os":{"name":"Mac OS","version":"10.15.7"},"device":{},"cpu":{}},{"ua":"Mozilla/5.0 (Macintosh; Intel Mac OS X 10_15_7) AppleWebKit/537.36 (KHTML, like Gecko) Chrome/122.0.0.0 Whale/3.25.232.19 Safari/537.36","browser":{"name":"Whale","version":"3.25.232.19","major":"3"},"engine":{"name":"Blink","version":"122.0.0.0"},"os":{"name":"Mac OS","version":"10.15.7"},"device":{},"cpu":{}}]